9002,6783129.12000,2925113.95300,480.10100,MONC
9004,6783323.24500,2925006.04600,478.51100,MONC
92572,6783661.84200,2924895.94500,471.89200,BWF ST
92573,6783657.85100,2924896.28300,471.88400,TWO14
92574,6783656.65100,2924896.32500,473.58500,NG
92575,6783648.93000,2924896.93400,471.58800,NG
92576,6783642.93100,2924897.11900,473.12100,EA ST
92577,6783641.10700,2924897.18600,473.47000,PS ST
92578,6783630.20500,2924898.09700,474.10600,PSY ST
92579,6783628.52900,2924898.03100,474.11900,PSY1 ST
92580,6783617.97500,2924899.16500,473.79800,PS1 ST
92581,6783616.57800,2924899.09800,473.58200,EA1 ST
92582,6783607.50700,2924899.36400,472.19700,FLD ST
92583,6783596.24300,2924901.03300,474.05900,NG
92584,6783590.25500,2924902.10700,474.12900,WDF ST
92585,6783590.89500,2924909.18500,473.84900,WDF END - GATE ST
92586,6783590.86800,2924912.83300,473.70300,EG PC ST
92587,6783604.47800,2924916.95100,473.08400,EG
92588,6783607.86500,2924913.83800,471.58300,FLD / 16CMP CRUSHED
92589,6783607.99400,2924914.77500,472.79900,NG
92590,6783609.73500,2924910.79400,472.25000,NG
92591,6783606.12900,2924910.53400,472.34500,NG
92592,6783616.63800,2924909.99800,473.19900,EG PT END - EA1
92593,6783620.58400,2924949.68400,472.64100,EG PC ST - EA1
92594,6783611.17000,2924940.13500,472.70400,EG
92595,6783601.60000,2924935.05500,473.06900,EG PT
92596,6783592.92500,2924934.21600,473.71100,EG END
92597,6783593.51300,2924940.83700,473.52100,GATE END - WDF ST
92598,6783609.69200,2924942.06900,471.14300,FLD /16CMP CRUSHED
92599,6783609.49300,2924940.69600,472.56500,NG
92600,6783606.30400,2924944.11700,472.00500,NG
92601,6783610.31300,2924945.03000,472.13300,NG
92602,6783603.53600,2924948.41400,472.31600,GUY
92603,6783603.71000,2924950.80100,472.23300,NG
92604,6783604.90900,2924960.78000,471.83600,TPED
92605,6783604.90000,2924962.11800,471.90000,PP
92606,6783606.37700,2924979.08900,471.61400,GUY
92607,6783605.97200,2924977.28000,471.51800,NG
92608,6783604.40400,2924982.51400,471.45100,SN / BURRIED CABLE
92609,6783631.58600,2924950.14200,472.95600,PSY1
92610,6783633.88800,2924950.30900,472.91400,PSY
92611,6783644.92200,2924949.86800,472.27500,PS
92612,6783646.51500,2924949.82400,471.92500,EA
92613,6783651.78100,2924950.22600,470.50900,NG
92614,6783663.24500,2924947.55800,470.50600,BWF - TSG06
92615,6783663.29600,2924948.69600,470.61200,TSG10
92616,6783644.84700,2924954.78100,470.48200,TSG06
92617,6783663.55200,2924969.48100,470.42900,BWF END - PF ST
92618,6783664.39700,2924984.15200,470.34700,PF END - GATE ST
92619,6783663.48800,2924998.94500,470.20900,TW015
92620,6783664.79800,2925000.73100,470.08400,GATE END - BWF ST - WRF ST
92621,6783657.52100,2925001.28100,470.08400,NG
92622,6783650.48300,2925002.16500,471.36800,EA
92623,6783648.98100,2925002.36600,471.61200,PS
92624,6783638.29700,2925002.88400,471.97400,PSY
92625,6783636.96200,2925002.90100,471.98400,PSY1
92626,6783626.07100,2925004.24400,471.78600,PS1
92627,6783623.73100,2925004.37100,471.66600,EA1
92628,6783619.36800,2925001.16300,471.31200,SN / SIGNAL
92629,6783597.94400,2925001.73000,471.32200,WDF END - CLF ST
92630,6783600.61400,2925000.82800,471.32000,TWO16
92631,6783615.18200,2925001.64800,469.97200,FLD
92632,6783610.09100,2925031.59600,470.54100,FH
92633,6783610.13300,2925031.71100,473.11000,FHN
92634,6783605.12000,2925050.31200,470.63200,WM
92635,6783604.55900,2925058.03000,470.67000,CLF END
92636,6783614.15000,2925051.60300,470.48600,PP
92637,6783612.47300,2925060.49900,470.00100,PP
92638,6783657.56200,2925051.35000,470.72700,GVL
92639,6783653.89800,2925051.33300,470.80000,EA
92640,6783652.49300,2925051.27400,471.03000,PS
92641,6783641.92600,2925051.49200,471.33300,PSY
92642,6783640.37400,2925051.53300,471.34700,PSY1
92643,6783629.98800,2925052.59200,471.11500,PS1
92644,6783627.77200,2925055.63600,470.78100,EA1 - EC PC ST
92645,6783623.59200,2925058.49500,470.89200,MB
92646,6783624.10500,2925062.53300,470.64900,EC
92647,6783620.49300,2925064.10000,470.64300,EC PT
92648,6783619.94900,2925063.72400,470.63200,GB ST
92649,6783619.82200,2925059.11500,470.01300,EC - GB1 ST
92650,6783620.33200,2925050.92100,470.24400,GB1
92651,6783618.43800,2925047.71300,470.01600,GB1 - FLD
92652,6783617.31300,2925051.07800,470.03700,GB1
92653,6783617.69000,2925059.60400,468.97900,GB3 ST - EC
92654,6783619.43500,2925054.56400,468.86900,GB3
92655,6783619.43600,2925051.19500,468.43400,GB3
92656,6783618.45600,2925050.13100,468.80700,GB3 - FLD
92657,6783617.71200,2925052.89300,468.72400,GB3
92658,6783616.77400,2925053.04500,469.89900,GB1
92659,6783617.29900,2925059.67600,468.90600,FLD - EC
92660,6783616.72400,2925059.72900,468.87500,GB3 END - EC
92661,6783617.30600,2925062.18100,468.73600,FLD / 16CMP
92662,6783614.10300,2925059.50200,470.00400,EC - GB1 END
92663,6783614.83800,2925064.40300,470.60600,EC PC
92664,6783609.07200,2925064.41300,470.83400,EC
92665,6783603.30300,2925063.33100,471.02700,EC PT END
92666,6783613.91100,2925089.85800,470.32700,WM
92667,6783629.70700,2925106.50300,470.50400,EA1
92668,6783633.61000,2925107.18400,470.77200,PS1
92669,6783644.11200,2925106.80000,471.03100,PSY1
92670,6783645.52000,2925106.78300,471.03300,PSY
92671,6783656.35400,2925106.52500,470.82100,PS
92672,6783658.61300,2925106.34100,470.47100,EA
92673,6783663.42400,2925107.18600,470.46200,GVL
92674,6783652.14300,2925022.12200,471.27300,EG ST
92675,6783665.50700,2925048.04700,470.77800,EG
92676,6783669.46400,2925050.20300,470.65500,WRF
92677,6783677.40300,2925000.05700,469.80600,BWF END
92680,6783659.67800,2925020.03800,469.51200,GB ST
92681,6783659.62000,2925023.07700,468.96800,GB
92682,6783659.94200,2925025.92200,468.76300,GB
92683,6783660.63400,2925026.80800,468.59900,FLD1 ST - GB
92684,6783661.64700,2925025.99100,468.59100,GB
92685,6783661.81800,2925023.96500,468.88400,GB
92686,6783662.11800,2925020.00700,469.53600,GB END
92687,6783660.80300,2925023.09500,468.99200,FLD1
92688,6783661.46100,2925019.15000,469.58500,FLD1 END
92689,6783665.12900,2925019.83500,470.48800,NG
92690,6783665.71300,2925026.91700,470.40100,NG
92691,6783661.11700,2925028.99700,470.68600,NG
92692,6783656.53200,2925026.33700,470.97900,NG
92693,6783656.39000,2925020.26500,470.59500,NG
92694,6783657.31800,2925022.59800,470.61500,SN / 50MPH
92695,6783675.38100,2925107.26700,470.62900,WRF
92696,6783671.10800,2925108.36900,470.65400,EG
92697,6783659.81400,2925120.23200,470.52300,EA
92698,6783661.85100,2925121.69900,470.53600,EA
92699,6783662.42700,2925127.07300,470.42200,EA PC
92700,6783657.39300,2925130.26100,470.73900,PS END
92701,6783667.51800,2925143.72000,470.20900,EA
92702,6783678.00700,2925150.48900,470.47300,EA PT
92703,6783678.96200,2925144.45000,470.61000,WRF
92704,6783673.61800,2925146.16100,470.21700,EG END
92705,6783646.91200,2925142.10100,470.72500,PSY
92706,6783645.60300,2925141.93200,470.72900,PSY1
92707,6783633.88700,2925142.56200,470.43100,PS1 PC
92708,6783630.95200,2925142.54600,470.12600,EA1
92709,6783630.52700,2925155.75500,469.98900,EA1
92710,6783625.61000,2925155.85200,469.81100,EA1 END - EC ST
92711,6783604.70400,2925156.07000,469.42800,EC END - EA15 ST
92712,6783600.67900,2925175.35600,469.54700,EA1 ST - EA14 ST
92713,6783608.54900,2925180.03600,469.58400,EA1 PC
92714,6783611.70100,2925186.42000,469.70000,EA1
92715,6783613.59200,2925195.55300,469.37300,EA1 PT
92716,6783603.22400,2925217.66400,468.88000,EA1
92717,6783621.73200,2925195.43500,469.93600,PS1
92718,6783604.76800,2925224.76800,469.34400,PS1 PT END
92719,6783640.39800,2925183.84100,470.29400,PSY1 PC ST
92720,6783641.45700,2925184.35500,470.29300,PSY PC ST
92721,6783729.26500,2925152.19400,470.89300,EA
92722,6783728.95200,2925141.79900,471.18100,WRF
92723,6783749.89000,2925141.04600,470.94200,WRF END
92724,6783784.55400,2925149.09100,471.66700,EA
92725,6783835.54900,2925146.44300,472.82500,EA END
92726,6783834.71600,2925140.72400,472.90300,NG
92727,6783835.22000,2925134.98100,474.10400,CLF ST
92728,6783813.61300,2925137.17100,472.24600,WM
92729,6783785.07400,2925138.31300,471.66600,CLF
92730,6783759.66100,2925139.84900,470.58200,CLF
92731,6783759.53100,2925133.58800,470.58100,CLF END
92732,6783759.33400,2925139.79100,471.01900,TWO28
92733,6783835.71900,2925157.33900,473.08500,PSY2 ST
92734,6783835.91900,2925158.17000,473.12800,PSY3 ST
92735,6783835.68600,2925182.28300,472.85500,EA ST
92736,6783824.87600,2925183.91800,473.21100,MB
92737,6783823.29500,2925186.70400,472.84800,PP
92738,6783816.97800,2925187.45500,472.12500,WM
92739,6783815.70200,2925187.52600,471.90400,WM
92740,6783814.33700,2925187.83300,471.95400,WM
92741,6783814.70500,2925189.87700,472.56000,ICV
92742,6783816.43200,2925189.78000,472.65200,ICV
92743,6783803.98600,2925183.40200,472.09600,EA
92744,6783802.53600,2925185.67700,472.08200,EA - EC2 PC ST
92745,6783805.50100,2925186.21800,472.13300,EC2
92746,6783807.61600,2925187.47600,472.09100,EC2 PT
92747,6783811.68800,2925191.20200,472.14600,EC2 END
92748,6783785.59700,2925185.47800,471.84100,EA
92749,6783785.02300,2925160.64500,472.06300,PSY3
92750,6783785.01300,2925160.19100,472.05200,PSY2
92751,6783733.59100,2925186.06200,470.95000,EA - EC3 ST
92752,6783733.39200,2925177.49000,470.54100,EA
92753,6783728.05800,2925174.87100,470.69300,EA
92754,6783728.22500,2925162.97200,471.22400,PSY2
92755,6783727.75100,2925163.62600,471.20100,PSY3
92756,6783707.48700,2925175.03300,470.51500,EA PC
92757,6783691.69300,2925165.57400,470.64300,PSY3 END
92758,6783691.79700,2925164.92300,470.65600,PSY2 END
92759,6783675.98200,2925185.47000,470.07700,EA
92760,6783660.62900,2925203.20000,469.80000,EA PT
92761,6783662.61300,2925208.34300,469.62000,EA - EC4 PC ST
92762,6783666.43300,2925201.38400,469.66600,EC4
92763,6783670.17100,2925197.59300,469.61400,EC4 PT
92764,6783679.40200,2925190.11900,469.77900,EC4 PC
92765,6783687.98200,2925183.98900,469.88600,EC4
92766,6783700.68500,2925178.53000,470.21100,EC4 PT
92767,6783732.67500,2925177.63300,470.58000,EC4
92768,6783732.71300,2925178.96200,470.21900,EC4 - GB4 ST
92769,6783732.53600,2925181.94800,470.22400,EC4 - GB3 ST
92770,6783732.37800,2925183.64700,470.63400,EC4
92771,6783700.27600,2925184.44800,470.10100,EC4 PC
92772,6783699.98700,2925183.24800,469.68400,GB3 PC
92773,6783699.41600,2925180.45300,469.72700,GB4 PC
92774,6783687.66000,2925185.89700,469.45700,GB4
92775,6783689.34200,2925188.37800,469.44700,GB3
92776,6783689.88700,2925189.57800,469.90600,EC4
92777,6783680.53700,2925191.23000,469.33100,GB4 PT
92778,6783677.90900,2925198.06400,469.23400,GB3 PT
92779,6783679.14000,2925198.84300,469.60900,EC4 PT
92780,6783668.36100,2925204.01700,469.08100,GB4
92781,6783666.58700,2925206.98700,469.14000,GB4
92782,6783669.92100,2925208.89800,469.13400,GB4
92783,6783671.82200,2925205.75200,469.11200,GB4 END - GB3 END
92784,6783675.04100,2925206.37800,469.51000,EC4
92785,6783698.68400,2925219.51100,470.63900,EC4
92786,6783696.43100,2925224.94700,470.52700,EC4
92787,6783697.24900,2925229.26500,470.47400,EC4
92788,6783698.71100,2925227.88000,470.43700,EC4 END - TOC ST
92789,6783699.06000,2925228.29000,470.39300,GUT ST
92790,6783699.70500,2925226.76600,470.74600,TOC
92791,6783698.91400,2925224.41500,471.03900,PP
92792,6783699.11400,2925223.42600,471.01500,TPED
92793,6783714.21800,2925208.43000,471.13900,TOC - EC5 ST
92794,6783711.25700,2925205.98900,471.17400,EC5
92795,6783715.14600,2925201.15000,471.23900,EC5
92796,6783718.17500,2925203.40400,471.22000,EC5 END - TOC
92797,6783721.00800,2925197.73300,471.43000,PP
92798,6783718.16600,2925196.74400,471.51900,TBOX
92799,6783705.75000,2925199.54600,470.74800,TBOX
92800,6783709.68100,2925198.42500,470.87400,GUY
92801,6783711.06100,2925198.09600,470.93000,NG
92802,6783702.21000,2925199.07900,470.49400,GUY
92803,6783704.05900,2925198.74100,470.54900,NG
92804,6783732.44100,2925186.21100,471.13100,GUT END
92805,6783731.09000,2925187.38000,471.44600,TOC
92806,6783732.15700,2925186.10200,471.12400,TOC END
92807,6783723.13800,2925193.79800,471.42300,TCM08
92808,6783702.33000,2925188.79600,470.75500,TCM12
92809,6783683.63900,2925198.55100,469.87300,FOCM
92810,6783683.26700,2925201.62900,469.87800,FVLT
92811,6783671.47500,2925205.72300,469.09700,EC4 ST
92812,6783668.75000,2925204.23900,469.08500,EC4
92813,6783667.15500,2925207.00800,469.05600,EC4
92814,6783669.84400,2925208.54600,469.13000,EC4 X
92815,6783669.26900,2925206.45300,469.10500,GI
92816,6783663.87300,2925201.98400,469.96100,NG
92817,6783676.75500,2925189.31500,470.12800,NG
92818,6783653.96700,2925203.87500,469.84800,EA PC
92819,6783644.00600,2925222.88800,469.54400,EA
92822,6783630.88200,2925247.29700,468.72100,EA PT
92823,6783636.90700,2925249.39000,468.80500,EA - EC4 ST
92824,6783629.69800,2925253.44100,468.39900,EA PC
92825,6783629.49700,2925266.64700,467.90600,EA - EC5 ST
92826,6783638.74700,2925293.10200,467.56500,EA PT
92827,6783654.13900,2925284.39900,467.55000,EC5 - GB5 ST
92828,6783650.15400,2925289.83000,467.38000,EC5
92829,6783655.60300,2925301.59300,467.46200,EC5 END - EC10 ST
92830,6783644.51800,2925286.08400,466.51300,GB4 PC ST
92831,6783645.15000,2925285.85800,466.55200,EC6 ST
92832,6783646.85400,2925283.40500,466.58000,EC6
92833,6783649.36100,2925285.09200,466.55700,EC6
92834,6783647.54800,2925287.62700,466.57300,EC6 X
92835,6783647.35000,2925285.60100,466.63100,GI
92836,6783649.98000,2925285.08500,466.61700,GB5
92837,6783647.75200,2925288.36700,466.69200,GB5 PC
92838,6783644.30000,2925293.83300,466.75000,GB4
92839,6783650.16200,2925295.79200,466.73100,GB5
92840,6783654.66600,2925302.55300,466.77100,GB5 PT END - GB12 ST
92841,6783647.55300,2925298.86000,466.75000,GB4 PT
92842,6783650.48400,2925305.00800,467.84500,EA
92843,6783652.23200,2925304.23600,466.81500,GB4 END - GB11 ST
92844,6783658.96900,2925301.67900,467.85700,SN / LIBRARY
92845,6783664.88500,2925304.75300,468.11900,LP
92846,6783654.74400,2925263.16000,469.04100,EC4 PC - EA6 ST
92847,6783654.58200,2925270.11000,468.97300,EA6 PC
92848,6783634.39400,2925256.44600,468.74900,PP
92849,6783678.97700,2925306.30300,468.59800,EA6
92850,6783675.60400,2925281.53300,469.18200,EC4
92851,6783695.22600,2925304.76200,469.28800,EC4 PT
92852,6783675.29600,2925310.24600,468.34400,EM - MPOST
92853,6783590.73000,2924807.85600,515.61300,OHE ST
92854,6783587.01200,2924807.41200,516.21100,OHE1 ST
92855,6783583.43500,2924808.64500,515.45600,OHE2 ST
92856,6783586.51300,2924807.61400,508.77800,OHE3 ST
92857,6783608.87600,2924963.15700,506.21100,OHE
92858,6783606.57000,2924963.78300,506.17300,OHE1
92859,6783601.57200,2924962.25000,506.13600,OHE2
92860,6783604.97100,2924962.60100,497.19600,OHE3
92861,6783619.00000,2925051.25800,503.11600,OHE
92862,6783615.83900,2925051.51100,503.25400,OHE1
92863,6783609.71900,2925051.94600,503.50600,OHE2
92864,6783615.05700,2925051.90900,495.09300,OHE3
92865,6783586.96800,2924807.55200,500.68700,OHE4 ST
92866,6783605.51100,2924963.79200,492.49500,OHE4
92867,6783615.90000,2925060.25500,491.64800,OHE4
92868,6783636.61500,2925256.38400,491.92800,OHE4
92869,6783637.43900,2925256.54100,496.30000,OHE3
92870,6783635.36800,2925256.38000,505.67400,OHE2 END
92871,6783638.82200,2925256.29800,505.05500,OHE1 END
92872,6783642.27500,2925256.24900,504.48900,OHE END
92873,6783642.71100,2925256.30500,504.37700,MISC / XARM
92874,6783634.91600,2925256.44200,505.65500,MISC / XARM
92875,6783641.44900,2925253.67300,507.68800,MISC / XARM
92876,6783638.10400,2925259.87400,508.19600,MISC / XARM
92877,6783641.27700,2925259.83000,501.45200,MISC / XARM
92878,6783636.48000,2925253.56800,502.42200,MISC / XARM
92879,6783626.80500,2925161.22300,486.63600,SAG
92880,6783609.25700,2925051.93100,502.79400,MISC / XARM
92881,6783619.18600,2925051.09900,502.35000,MISC / XARM
92882,6783601.12100,2924962.43000,505.49200,MISC / XARM
92883,6783609.06300,2924963.09300,505.64300,MISC / XARM
92884,6783583.29600,2924808.63800,514.85900,MISC / XARM
92885,6783591.12700,2924807.58500,514.79700,MISC / XARM
92886,6783587.16700,2925218.36900,491.19600,SAG
92887,6783508.98200,2925158.94600,499.86400,OHE4
92888,6783509.01800,2925158.98400,504.91000,OHE3
92889,6783287.96000,2925187.09200,516.11800,MISC / XARM
92890,6783287.87700,2925179.28400,516.18700,MISC / XARM
92891,6783288.57700,2925179.70900,515.97600,OHE ST
92892,6783288.41100,2925183.25300,516.07300,OHE1 ST
92893,6783288.21100,2925186.84200,516.06900,OHE2 ST
92894,6783286.75100,2925183.34900,507.53300,OHE3
92895,6783286.31600,2925183.64500,497.89300,OHE4 - OHE9 ST
92896,6783512.54700,2925157.46400,510.77600,OHE
92897,6783510.79500,2925160.49700,510.40000,OHE1
92898,6783508.43300,2925163.24900,510.08300,OHE2
92899,6783508.11300,2925163.57300,509.98800,MISC / XARM
92900,6783510.95400,2925156.18500,511.19200,MISC / XARM
92901,6783636.50500,2925259.14800,508.63500,OHE2
92902,6783638.77400,2925256.58500,508.20500,OHE1
92903,6783641.07400,2925253.74100,507.57100,OHE
92904,6783639.05700,2925257.95100,504.94100,OHE5 ST
92905,6783638.84500,2925257.60400,504.17900,OHE6 ST
92906,6783694.10400,2925514.41900,498.34300,OHE7 ST
92907,6783694.13500,2925514.26600,494.70000,OHE8 ST
92908,6783693.21800,2925514.89500,504.39500,OHE5 END
92909,6783693.17800,2925514.22200,500.28700,OHE6 END
92910,6783658.63400,2925353.40200,488.56000,SAG
92911,6783637.81000,2925257.02600,496.19200,OHE7
92912,6783638.45500,2925256.23100,494.71000,OHE8
92913,6783415.57100,2925168.90900,493.52000,SAG
92914,6783471.36700,2925346.41700,469.96300,TOC ST
92915,6783471.84300,2925346.66000,469.83500,GUT ST
92916,6783476.94900,2925340.17000,469.85300,GUT END
92917,6783476.67900,2925339.88700,469.85300,TOC END - EA2 PC ST
92918,6783472.18500,2925340.90800,470.13400,EC ST
92919,6783471.03400,2925342.42300,470.16900,EC
92920,6783469.53300,2925341.24900,470.19400,EC
92921,6783470.74700,2925339.74100,470.11800,EC X
92922,6783467.44700,2925343.70100,470.20600,EC ST
92923,6783466.23500,2925345.20000,470.15100,EC
92924,6783467.77700,2925346.41700,470.23400,EC
92925,6783468.80100,2925345.07100,470.21900,EC X
92926,6783463.83800,2925329.79800,470.26900,FOCM
92927,6783464.99400,2925328.38600,470.26500,FVLT
92928,6783468.65200,2925326.44400,470.17600,GUY
92929,6783466.92800,2925324.95800,470.17600,NG
92930,6783478.86700,2925339.53200,469.85900,EA2
92931,6783480.78300,2925338.16300,469.81700,EA2 PT
92932,6783486.72400,2925330.34200,469.51200,EA2 PC
92933,6783490.16600,2925318.16300,469.47600,EA2
92934,6783487.31800,2925306.88400,469.76300,EA2 PT
92935,6783478.09800,2925306.09900,469.62000,SN / LIBRARY
92936,6783469.69200,2925304.77500,469.23300,LP
92937,6783463.58200,2925286.74400,470.58600,EA2
92938,6783444.05800,2925280.62700,470.61300,EA2 - EC2 PC ST
92939,6783444.51100,2925282.09900,470.44800,EC2
92940,6783443.82500,2925283.98700,470.33800,EC2 PT
92941,6783443.35900,2925286.99900,470.29900,EC2
92942,6783444.57100,2925289.58000,470.13000,EC2 END - HDW ST
92943,6783442.80000,2925291.73500,470.16200,HDW
92944,6783443.48000,2925292.23600,470.15300,HDW
92945,6783445.27600,2925290.14500,470.14500,HDW X
92946,6783445.37800,2925290.17500,469.91600,WGW ST
92947,6783443.57700,2925292.28000,469.95600,WGW1 ST
92948,6783447.57800,2925295.90900,469.08300,WGW1 - EC9 ST
92949,6783447.96300,2925295.68300,469.06500,WGW1
92950,6783443.77200,2925292.08100,469.96300,WGW1 END
92951,6783449.36600,2925293.57400,469.08100,WGW
92952,6783449.14600,2925293.83100,469.08500,WGW
92953,6783445.17400,2925290.42400,469.91400,WGW END
92954,6783448.64500,2925293.57600,467.85700,GB ST - ED ST
92955,6783445.10800,2925290.56900,467.76000,GB
92956,6783443.94000,2925292.05500,467.79400,GB
92957,6783447.39400,2925294.98600,467.81400,GB END - ED END
92958,6783449.49400,2925295.71200,468.96100,NG
92959,6783451.09700,2925301.22800,470.09100,HDW ST
92960,6783450.74900,2925301.61000,470.10800,HDW
92961,6783452.44300,2925303.66400,470.04600,HDW
92962,6783452.97100,2925303.19900,470.02100,HDW X
92963,6783453.03000,2925303.17300,469.49400,WGW ST
92964,6783455.09500,2925302.69200,468.42700,WGW - GB7 ST
92965,6783454.83800,2925302.33600,468.45700,WGW
92966,6783452.83600,2925302.84600,469.50300,WGW END
92967,6783451.46400,2925301.37300,469.55800,WGW ST
92968,6783452.08900,2925302.11900,468.44800,NG
92970,6783452.09500,2925299.26200,468.53100,WGW
92971,6783451.77500,2925299.05000,468.58900,WGW - GB6 ST
92972,6783451.15900,2925301.08200,469.57800,WGW END
92973,6783452.19200,2925299.42600,467.53600,GB ST - EC8 ST
92974,6783451.56200,2925301.48500,467.57600,GB
92975,6783452.11100,2925302.08700,467.54700,GB - FLD ST / 12RCP
92976,6783452.67400,2925302.68700,467.53000,GB
92977,6783454.74900,2925302.21600,467.34600,GB END - EC8 END
92978,6783485.74300,2925322.07700,468.55400,HDW ST
92979,6783485.11600,2925321.51900,468.60100,HDW
92980,6783483.80500,2925323.36600,468.56300,HDW
92981,6783484.50100,2925323.87600,468.55100,HDW X
92982,6783483.71400,2925323.35500,468.26300,WGW ST
92983,6783484.77400,2925321.72200,468.29000,WGW1 ST
92984,6783477.99700,2925319.14500,467.38100,WGW
92985,6783478.12400,2925318.89000,467.38400,WGW - GB5 ST
92986,6783479.08000,2925317.51700,467.38900,WGW1
92987,6783479.32000,2925317.29200,467.39000,WGW1 - GB8 ST
92988,6783484.97300,2925321.42100,468.29900,WGW1 END
92989,6783483.76900,2925323.09300,468.27000,WGW END
92990,6783479.01200,2925317.56500,466.95200,GB ST - EC8 ST
92991,6783484.66400,2925321.77600,466.69500,GB
92992,6783483.85900,2925322.91800,466.67800,GB
92993,6783478.06400,2925318.74600,466.94500,GB END - EC8 END
92994,6783465.36700,2925310.17100,468.00300,GB5 END - GB7 END
92995,6783465.85000,2925306.55500,468.28500,GB8
92996,6783454.29600,2925296.91800,468.72700,GB8 END - GB6 END
92997,6783447.93300,2925298.37000,469.42700,EC9 - GB8 ST
92998,6783446.38300,2925298.18300,469.32800,EC9
92999,6783446.93900,2925299.02900,470.46800,GB8
93000,6783445.13700,2925297.81600,470.54700,GB8
93001,6783445.36800,2925297.54000,469.58600,EC9
93002,6783440.16000,2925288.84500,470.47800,EC9 - GB8 END
93003,6783437.36300,2925285.63900,470.80500,EC9
93004,6783441.43900,2925281.72200,470.65400,EC9 - EA2
93005,6783444.52900,2925281.02800,470.86900,GB9 PC ST
93006,6783444.98500,2925282.21500,470.94300,GB9
93007,6783444.12900,2925284.00600,470.90100,GB9 PT
93008,6783444.26800,2925288.62400,470.46900,GB9
93009,6783447.96600,2925291.47100,470.27800,GB9
93010,6783457.71000,2925295.76500,470.04700,GB9
93011,6783466.15200,2925302.81900,469.79400,GB9
93012,6783470.90400,2925303.15500,469.53900,GB9
93013,6783477.96100,2925311.82600,469.29800,GB9
93014,6783485.88900,2925321.57700,468.52700,GB9 END
93015,6783484.67800,2925316.60400,468.77900,NG
93016,6783483.61800,2925307.92400,469.59000,NG
93017,6783468.99000,2925297.72100,470.37000,NG
93018,6783453.48900,2925286.84200,471.21700,NG
93019,6783428.96500,2925294.67700,471.60500,NG
93020,6783447.94200,2925309.89600,471.01700,NG
93023,6783431.79900,2925280.26900,471.04100,EA2
93024,6783420.17100,2925286.40700,471.34300,EA2
93025,6783419.60300,2925288.21600,471.70100,PF ST
93026,6783390.18500,2925264.98400,472.39100,PF END
93027,6783386.98900,2925262.44700,472.29100,TOC ST - EC8 ST
93028,6783389.69600,2925260.05300,472.29500,EC8 END - EA2
93029,6783394.09500,2925257.19300,472.26300,EA2
93030,6783397.53600,2925255.96200,472.13700,EA2
93031,6783399.35400,2925254.45000,472.21700,PSY8 PC ST
93032,6783391.70500,2925257.69500,472.30300,PSY8
93033,6783385.19800,2925263.21000,472.46400,PSY8 PT END
93034,6783386.53000,2925262.18900,472.37600,GUT ST
93035,6783402.79300,2925249.44700,472.14800,EA2
93036,6783377.60700,2925273.52000,473.17700,GUT PC
93037,6783378.24100,2925273.61000,473.60300,TOC PC
93038,6783378.54100,2925276.07300,473.76300,TOC
93039,6783378.26900,2925276.61700,473.35500,GUT
93040,6783381.95700,2925276.60900,473.12800,GUT PT
93041,6783381.49200,2925276.11000,473.54700,TOC PT
93042,6783389.61800,2925265.91400,472.74600,TOC
93043,6783389.77700,2925266.90900,472.33100,GUT
93044,6783416.83500,2925288.36700,471.53000,GUT END
93045,6783416.44200,2925287.21600,471.87300,TOC
93046,6783417.18700,2925287.76500,471.59200,TOC END
93047,6783381.63200,2925234.50400,473.30600,TOC PC ST
93048,6783381.89200,2925233.92800,472.90500,GUT PC ST
93049,6783380.50700,2925233.91200,472.97100,GUT
93050,6783380.61100,2925234.54700,473.34600,TOC
93051,6783379.91200,2925235.15700,473.36300,TOC PT
93052,6783379.41600,2925234.68300,472.96300,GUT PT
93053,6783378.04100,2925239.09800,472.95700,GUT PC
93054,6783378.73100,2925239.27000,473.37200,TOC PC
93055,6783377.28800,2925243.92000,473.34900,TOC
93056,6783376.67600,2925243.61400,472.96700,GUT
93057,6783373.84300,2925248.90700,472.96800,GUT PT
93058,6783374.34500,2925249.35300,473.43400,TOC PT
93059,6783373.08400,2925251.30000,473.42500,TOC PC
93060,6783372.55700,2925251.09700,473.05300,GUT PC
93061,6783372.63100,2925253.30100,472.97000,GUT
93062,6783373.09800,2925252.71800,473.39500,TOC
93063,6783374.61600,2925252.68700,473.35400,TOC PT
93064,6783375.06300,2925253.02500,472.84100,GUT PT
93065,6783377.92900,2925250.35600,472.80800,GUT PC
93066,6783377.47900,2925249.85200,473.29200,TOC PC
93067,6783380.81500,2925246.81700,473.25200,TOC
93068,6783381.39000,2925247.31400,472.77100,GUT
93069,6783386.21400,2925244.71000,472.71800,GUT PT
93070,6783385.88600,2925244.11200,473.15500,TOC PT
93071,6783388.61700,2925242.51400,473.15800,TOC PC
93072,6783388.97400,2925243.10800,472.67700,GUT PC
93073,6783389.65000,2925241.87100,472.74500,GUT
93074,6783389.24400,2925241.57200,473.16300,TOC
93075,6783389.01200,2925240.42900,473.16700,TOC PT
93076,6783389.67200,2925239.89300,472.69700,GUT PT
93077,6783385.70400,2925236.78100,472.79500,GUT X
93078,6783385.17100,2925237.24900,473.27600,TOC X
93079,6783385.41600,2925235.71500,472.68800,EA2
93080,6783350.09300,2925207.72600,473.62800,EA2 PC
93081,6783351.99400,2925209.19800,473.65500,PSY8 PC ST
93083,6783353.15900,2925214.88200,473.53600,EA2
93084,6783353.16500,2925224.77700,473.46600,EA2 PT - EC8 PC ST
93085,6783352.21300,2925228.08100,473.48900,EC8
93087,6783349.64200,2925232.90700,473.62300,EC8 PT END - TOC PC ST
93088,6783350.05800,2925233.18000,473.60900,GUT PC ST
93092,6783342.39100,2925239.08000,473.87000,GUT
93093,6783342.26200,2925238.38400,474.36200,TOC
93094,6783334.32600,2925239.58000,474.14300,GUT PT
93095,6783334.51300,2925239.00500,474.60100,TOC PT
93096,6783334.14200,2925238.63300,474.56300,TOC PC
93097,6783333.45000,2925238.88900,474.18100,GUT PC
93098,6783332.61000,2925237.66500,474.18200,GUT
93099,6783333.23000,2925237.38500,474.56500,TOC
93100,6783333.17200,2925236.03200,474.57900,TOC PT
93101,6783332.58900,2925235.97800,474.18700,GUT PT
93102,6783339.42300,2925225.91200,473.93100,GUT END - EC8 ST
93103,6783339.91500,2925226.26300,474.41700,TOC END
93104,6783338.56200,2925225.34600,473.94700,TOC ST - EC8 END
93105,6783338.15300,2925225.82700,473.93900,GUT ST
93106,6783337.34700,2925224.49600,474.44600,TOC
93107,6783354.57300,2925223.85000,473.42500,PSY8
93108,6783351.10800,2925232.57900,473.58800,PSY8 PT
93109,6783349.26500,2925234.83600,473.61600,PSY8 PC
93110,6783341.24200,2925240.01900,473.90900,PSY8
93111,6783332.43500,2925239.07000,474.19900,PSY8 PT END
93112,6783347.90600,2925222.36700,473.55200,EA2
93113,6783344.41700,2925225.33900,473.82100,EA2
93114,6783339.68900,2925221.86200,473.88600,EA2
93115,6783343.15500,2925219.30700,473.67900,EA2
93116,6783339.92100,2925216.94900,473.82400,EA2 PC
93117,6783343.32500,2925208.10900,473.69400,EA2
93118,6783339.27100,2925188.94000,474.38900,EA2 PT
93119,6783323.14700,2925194.80200,474.03100,HDW ST
93120,6783324.89300,2925192.55700,473.98300,HDW
93121,6783324.17700,2925192.03200,474.05500,HDW
93122,6783322.50500,2925194.25100,474.02300,HDW X
93123,6783323.96000,2925192.19600,473.77900,WGW ST
93124,6783322.62100,2925193.90000,473.80900,WGW1 ST
93125,6783315.70100,2925185.83200,472.19700,WGW - GB2 ST
93126,6783315.94000,2925185.52100,472.14900,WGW
93127,6783324.14800,2925191.97800,473.77600,WGW END
93128,6783314.35400,2925187.50000,472.22500,WGW1
93129,6783314.15500,2925187.81200,472.22000,WGW1
93130,6783322.39700,2925194.17400,473.81400,WGW1 END
93131,6783314.47500,2925187.43100,471.78200,GB ST - EC8 ST
93132,6783448.08800,2925294.35800,468.24300,FLD1 ST
93133,6783444.45400,2925291.29000,467.77500,FLD1 / 24RCP
93134,6783322.67600,2925193.81100,471.64300,GB
93135,6783323.21300,2925193.05800,471.62800,FLD1
93136,6783323.78600,2925192.31000,471.61600,GB
93137,6783314.96000,2925186.63700,471.78900,FLD1
93138,6783315.64100,2925185.91400,471.76500,EC8 END - GB END
93139,6783314.07900,2925187.69400,471.64000,GB ST
93140,6783300.24700,2925156.84600,475.44800,EA2
93141,6783293.00000,2925165.03200,473.53500,GB2
93142,6783291.03600,2925167.46100,473.43100,FLD1
93143,6783289.11300,2925169.33400,473.59100,GB
93144,6783249.85200,2925138.55700,474.68200,GB
93145,6783251.46700,2925136.48300,474.60700,FLD1
93146,6783253.70400,2925133.98800,474.70200,GB2
93147,6783261.15200,2925125.45300,476.88400,EA2
93148,6783237.71700,2925107.61800,477.66200,EA2 PC
93149,6783214.77000,2925108.84100,477.69900,EA2
93150,6783190.18900,2925124.58500,478.48600,EA2 PT
93151,6783222.77400,2925111.62900,476.83100,HDW ST
93152,6783221.26200,2925113.44300,476.72300,HDW
93153,6783221.98800,2925114.02100,476.72000,HDW
93154,6783223.44800,2925112.17500,476.75400,HDW X
93155,6783223.56000,2925112.33100,476.46700,WGW ST
93156,6783222.27800,2925113.82800,476.42200,WGW1 ST
93157,6783228.88300,2925116.68700,475.12300,WGW
93158,6783228.68900,2925116.97700,475.11700,WGW
93159,6783227.62600,2925118.27500,475.05100,WGW1
93160,6783227.45100,2925118.52600,475.04500,WGW1
93161,6783222.00700,2925114.06200,476.41200,WGW1 END
93162,6783223.32500,2925112.55900,476.46000,WGW END
93163,6783235.27500,2925118.61100,475.49400,GB2
93164,6783232.86800,2925125.87000,475.38400,GB
93165,6783226.50600,2925118.33700,475.22200,GB4 PC ST
93166,6783227.74300,2925123.30900,475.68500,GB4
93167,6783231.95400,2925124.53500,475.41100,GB4 PT - GB END
93168,6783233.01400,2925123.48600,475.25300,GB4 - FLD1
93169,6783233.38100,2925121.82000,475.04700,GB4 PC
93170,6783231.97900,2925118.27000,475.19200,GB4 - GB2 END
93171,6783228.64400,2925115.87800,475.17900,GB4 PT END
93172,6783228.69200,2925117.10000,474.65200,GB ST - GB2 ST - EC8 ST
93173,6783223.27800,2925112.68200,474.86800,GB
93174,6783231.17000,2925119.16300,474.22500,GB2
93175,6783231.34600,2925120.94200,474.32500,GB2 - FLD1 - FLD3 ST
93176,6783227.68900,2925120.25000,474.36400,GB2
93177,6783228.19000,2925117.58000,474.66100,EC8 - FLD1
93178,6783222.89700,2925113.18100,474.84500,GB - FLD1 / 18RCP
93179,6783222.52900,2925113.66400,474.82600,GB
93180,6783227.75700,2925118.15100,474.63100,GB END - EC8 END - GB2 END
93181,6783219.67900,2925127.50900,477.17500,GB PC ST
93182,6783206.08900,2925130.91600,477.64400,GB
93183,6783193.13200,2925139.63100,477.91500,GB PT
93184,6783184.70100,2925127.43200,478.55300,PS5 ST
93185,6783156.29200,2925161.60900,479.10300,EA2
93186,6783154.98200,2925160.08200,479.24500,PS5
93187,6783121.65100,2925198.08200,479.37800,PS5
93188,6783122.97700,2925199.03200,479.28700,EA2
93189,6783091.58200,2925237.30700,479.45700,EA2
93190,6783090.42600,2925236.85800,479.59000,PS5
93191,6783067.75700,2925271.46000,479.45700,PS5 - EC5 ST
93192,6783068.83700,2925272.11400,479.45700,EC5 PC
93193,6783068.28600,2925271.88300,479.51200,PSY5 PC ST
93194,6783070.05100,2925281.07400,479.59700,PSY5
93195,6783070.54100,2925280.79200,479.54600,EC5
93196,6783076.19400,2925288.11200,479.66100,EC5 PT END - TOC5 PC ST
93197,6783075.58600,2925288.65300,479.69600,PSY5 PT
93198,6783076.08500,2925289.19100,479.67500,PSY5 PC
93199,6783081.43200,2925291.51100,479.49800,PSY5
93200,6783086.99400,2925289.73000,479.38900,PSY5 PT END
93201,6783076.06900,2925288.76600,479.68700,GUT5 PC ST
93202,6783079.56400,2925290.51900,479.54900,GUT5
93203,6783079.81800,2925290.05100,480.04800,TOC5
93204,6783082.97500,2925290.22000,479.95100,TOC5 PT
93205,6783083.02000,2925290.82700,479.45000,GUT5 PT
93206,6783084.44900,2925290.66000,479.43900,GUT5 PC
93207,6783084.37200,2925290.08200,479.90400,TOC5 PC
93208,6783085.05700,2925289.12100,479.81300,TOC5
93209,6783086.19000,2925289.33900,479.39300,GUT5
93210,6783085.63900,2925286.46300,479.42400,GUT5 PT
93211,6783085.32100,2925287.00400,479.85600,TOC5 PT
93212,6783080.63800,2925282.91100,479.89200,TOC5
93213,6783081.32700,2925282.87100,479.48100,GUT5
93214,6783052.72400,2925295.39500,479.70500,EA2 END
93215,6783051.05500,2925294.88600,479.84600,PS5 END
93216,6783075.79600,2925303.68000,479.48200,PSY5 ST
93217,6783056.87900,2925288.96700,479.72400,PSY5 END
93218,6783030.72600,2925282.70800,479.69800,EA2 ST
93219,6783031.71900,2925283.31300,479.78000,PS5 ST
93220,6783040.90700,2925289.03000,479.96000,PSY6 ST
93221,6783041.50000,2925289.46700,479.96500,PSY5 ST
93222,6783301.84800,2925200.39700,475.31200,TOC
93223,6783302.12600,2925201.37600,474.99100,GUT
93224,6783291.79900,2925216.18500,475.32600,GUT PC
93225,6783291.42500,2925215.62600,475.73600,TOC PC
93226,6783289.46800,2925216.88600,475.88600,TOC
93227,6783289.36600,2925217.52500,475.44900,GUT
93228,6783286.08600,2925216.91300,475.52900,GUT PT
93229,6783286.53500,2925216.39300,475.91800,TOC PT
93230,6783268.75400,2925203.53800,476.41000,TOC PC
93231,6783268.27000,2925203.98200,475.97700,GUT PC
93232,6783266.66800,2925201.19500,475.89000,GUT
93233,6783267.31600,2925201.13800,476.37700,TOC
93234,6783268.16200,2925197.89100,476.24800,TOC PT
93235,6783267.56400,2925197.42800,475.79300,GUT PT
93236,6783277.68500,2925182.93100,474.92100,GUT END - EC8 ST
93237,6783278.43200,2925183.39900,475.42200,TOC END
93238,6783276.65800,2925182.20500,474.99100,TOC ST - EC8 END
93239,6783275.37100,2925181.17000,475.49900,TOC
93240,6783276.25300,2925182.62500,474.94500,GUT ST
93241,6783263.15900,2925173.39500,475.30300,GUT
93242,6783262.96200,2925172.26600,475.79500,TOC
93243,6783255.47800,2925183.02300,476.32000,TOC PC
93244,6783255.99800,2925183.55500,475.71900,GUT PC
93245,6783252.27700,2925186.06100,475.93500,GUT
93246,6783252.22200,2925185.39900,476.45000,TOC
93247,6783249.34000,2925184.58400,476.53200,TOC PT
93248,6783248.84000,2925184.97500,476.00900,GUT PT
93249,6783240.45200,2925179.13800,476.14300,GUT
93250,6783240.67800,2925178.32400,476.53500,TOC
93251,6783206.56200,2925177.57000,477.51900,TOC
93252,6783206.45900,2925178.22700,477.06100,GUT
93253,6783179.28800,2925177.63400,477.74700,GUT PC
93254,6783179.24000,2925176.96200,478.23100,TOC PC
93255,6783168.62400,2925178.97100,478.32100,TOC
93256,6783168.90400,2925179.69100,477.86400,GUT
93257,6783158.99900,2925186.72200,477.91900,GUT PT
93258,6783158.47000,2925186.26700,478.39600,TOC PT
93259,6783159.50100,2925176.34600,478.08700,GB
93260,6783128.03400,2925215.54300,478.16300,GB
93261,6783132.20800,2925218.85100,478.67400,TOC
93262,6783132.66600,2925219.33800,478.20700,GUT
93263,6783134.58800,2925211.38400,478.49900,LP
93264,6783096.16200,2925254.00700,478.25800,GB
93265,6783100.52800,2925258.03900,479.41700,TOC END - TOC5 END
93266,6783101.22400,2925258.47700,478.97900,GUT END - GUT5 END
93267,6783077.98400,2925279.45000,479.28600,GB END
93268,6783074.26300,2925276.96200,477.80900,FLD2 ST
93269,6783093.96100,2925249.97300,476.91400,FLD2
93270,6783123.70100,2925214.13700,477.11200,FLD2
93271,6783155.76000,2925174.15400,477.03300,FLD2
93272,6783183.73600,2925142.46100,476.82200,FLD2 PC
93273,6783201.48500,2925127.19800,476.73100,FLD2
93274,6783220.19300,2925121.78300,476.32600,FLD2 PT
93275,6783225.98400,2925121.45700,475.89800,FLD3 END - FLD2 END
93276,6783209.18800,2925117.21400,477.89100,SNS
93277,6783213.92400,2925114.88500,477.64700,NG
93278,6783186.43100,2925131.66800,478.27700,NG
93279,6783180.24500,2925138.24000,478.28400,NG
93280,6783151.08200,2925170.46500,478.42200,NG
93281,6783117.56600,2925209.57600,478.55800,NG
93282,6783080.78300,2925257.01500,478.42200,NG
93283,6783310.00600,2925203.24300,474.74000,GUY
93284,6783308.20700,2925201.71000,474.77100,NG
93285,6783309.14000,2925203.03000,474.85300,GUY
93286,6783307.32100,2925201.47900,474.86000,NG
93287,6783285.38100,2925184.86300,474.85100,PP
93288,6783287.92400,2925202.39600,475.42200,GUY
93289,6783287.82300,2925201.27200,475.38600,NG
93290,6783044.69400,2925245.48100,479.41900,WV
93291,6783058.36800,2925240.55000,480.00900,EA2
93292,6783059.43800,2925241.39200,480.01200,PS5
93293,6783068.38800,2925247.32900,479.97400,PSY6
93294,6783068.75600,2925247.92200,479.97200,PSY5
93295,6783098.96700,2925208.75700,479.80600,PSY5
93296,6783098.45600,2925208.31100,479.82800,PSY6
93297,6783091.87200,2925199.62200,479.82700,PS5
93298,6783096.67600,2925191.71600,479.65200,EA2 PC
93299,6783098.42400,2925179.76100,479.23500,EA2
93300,6783089.57000,2925168.89400,479.57400,EA2 PT
93301,6783068.39900,2925162.61500,480.10900,EA2 END
93302,6783070.54400,2925152.03000,480.06000,EA2 ST
93303,6783079.97100,2925143.20100,479.75300,GUY
93304,6783082.16300,2925143.75900,479.67900,NG
93305,6783085.63200,2925144.30300,479.52300,GUY
93306,6783088.00400,2925144.64400,479.35400,NG
93307,6783094.33000,2925156.18200,479.55200,EA2 PC
93308,6783108.00100,2925157.66900,479.34600,EA2
93309,6783127.68300,2925153.93700,479.26100,EA2 PT
93310,6783124.50000,2925161.49500,479.51900,PS5
93311,6783132.57400,2925168.14200,479.68400,PSY6
93312,6783133.10900,2925168.68200,479.66600,PSY5
93313,6783097.28500,2925176.66500,478.98300,HDW ST
93314,6783097.62100,2925176.23100,479.01000,HDW
93315,6783095.82600,2925174.76800,478.98000,HDW
93316,6783095.52700,2925175.28100,478.99600,HDW X
93317,6783097.01200,2925176.66700,478.70200,NG
93318,6783095.86500,2925175.79100,478.42000,NG
93319,6783086.71500,2925176.15300,478.70900,PP
93320,6783085.44100,2925143.92100,479.47200,SN / PRIVATE DRIVE
93321,6783105.54200,2925148.05600,478.90900,PP
93322,6783115.02100,2925149.31200,478.70600,HDW ST
93323,6783115.53700,2925148.63300,478.64700,HDW
93324,6783117.38300,2925149.94400,478.56100,HDW
93325,6783116.75100,2925150.57800,478.65600,HDW X
93326,6783117.04600,2925149.34900,478.18900,NG
93327,6783116.06400,2925148.71200,478.36500,NG
93328,6783113.96200,2925133.70000,478.96900,GUY
93329,6783113.14000,2925135.02300,479.09600,NG
93330,6783116.51500,2925129.85400,478.93400,GUY
93331,6783115.79000,2925130.83200,479.07800,NG
93332,6783144.42800,2925124.70300,478.46500,SN / 40MPH
93333,6783126.90000,2925132.44900,477.18900,FLD2 ST
93334,6783141.52800,2925111.90000,476.85500,FLD2
93335,6783143.76700,2925108.81500,476.64800,FLD2 / 18CMP
93336,6783140.27400,2925111.57300,477.15100,GB5 ST
93337,6783141.93500,2925113.35600,477.06400,GB6 ST
93338,6783140.75500,2925118.30600,477.18600,GB6
93339,6783134.92700,2925118.55600,477.23700,GB5
93340,6783122.36500,2925136.80800,477.54600,GB5 END
93341,6783121.44700,2925145.70500,477.84200,GB6 END
93342,6783159.46200,2925087.70300,476.51300,FLD2
93343,6783161.66200,2925084.94500,476.90800,FLD2
93344,6783171.75100,2925073.55000,476.49200,GB ST - EC ST
93345,6783177.33700,2925077.68200,476.36200,GB
93346,6783177.00500,2925078.23300,476.36800,GB - FLD1
93347,6783176.57700,2925078.82600,476.39200,GB
93348,6783170.88700,2925074.72200,476.51600,GB END - EC END
93349,6783177.17700,2925079.78300,478.26100,HDW ST
93350,6783176.44800,2925079.22200,478.28500,HDW
93351,6783177.87600,2925077.36800,478.26600,HDW
93352,6783178.48500,2925077.89200,478.24200,HDW X
93353,6783177.66000,2925077.31400,477.95100,WGW ST
93354,6783176.52100,2925078.92000,477.99100,WGW1 ST
93355,6783172.03800,2925073.21700,476.88600,WGW
93356,6783171.83600,2925073.52000,476.91100,WGW
93357,6783170.89200,2925074.72200,476.92900,WGW1
93358,6783170.67800,2925074.99000,476.92600,WGW1
93359,6783176.29600,2925079.25300,477.96600,WGW1 END
93360,6783177.46400,2925077.57000,477.96200,WGW END
93361,6783170.12800,2925073.35900,476.70100,FLD2 END - FLD1
93362,6783158.35300,2925123.65700,479.10400,PS5
93363,6783156.91400,2925122.08800,479.00300,EA2
93364,6783166.72600,2925130.20300,479.22000,PSY6
93365,6783167.16400,2925130.74300,479.19000,PSY5
93366,6783167.83000,2925113.17200,478.95200,PS5 END
93367,6783165.53200,2925112.55200,478.91400,EA2
93368,6783165.39000,2925110.03100,478.90300,EA2 PC
93369,6783177.30500,2925090.98800,478.81700,EA2
93370,6783199.06100,2925096.49700,478.82800,PSY5 END
93371,6783198.55000,2925096.08000,478.88000,PSY6 END
93372,6783199.02700,2925095.17500,478.88800,PS5 ST / 24IN WIDE
93373,6783212.03600,2925107.56200,478.17500,PS5 END / 24IN WIDE
93374,6783170.01700,2925052.39800,480.05200,EA2 PT
93375,6783174.17900,2925046.65600,480.55400,PS5 ST
93376,6783191.73400,2925044.59900,480.70700,PS6 ST
93377,6783130.56800,2925021.19600,481.37200,EA2
93378,6783134.88200,2925015.69700,481.87000,PS5
93379,6783142.47900,2925005.95200,482.32100,PS6
93380,6783121.11300,2925022.54500,480.74400,LP
93381,6783075.46400,2925017.87900,482.51800,EC5 PC ST
93382,6783075.46500,2925013.51800,482.37500,EC5
93383,6783077.12900,2925009.18200,482.24100,EC5 PT
93384,6783084.60500,2924999.51300,482.22800,EC5 PC
93385,6783089.80200,2924996.02200,482.43500,EC5
93386,6783096.24200,2924995.16600,482.52400,EC5 PT
93387,6783096.87000,2924994.30900,482.51500,EC5 - EA2
93388,6783062.95700,2924969.07400,483.29800,EC5 - EA2
93389,6783062.34700,2924969.97100,483.28300,EC5 PC
93390,6783063.60500,2924976.04000,482.92600,EC5
93391,6783062.83500,2924979.29000,482.76700,EC5 PT
93392,6783054.25100,2924992.16500,482.64400,EC5 PC
93393,6783050.53100,2924994.75200,482.69500,EC5
93394,6783045.72600,2924996.64300,482.77400,EC5 END
93395,6783043.41400,2924980.10000,482.28100,HDW ST
93396,6783042.75500,2924979.51300,482.31300,HDW
93397,6783044.15400,2924977.58500,482.29300,HDW
93398,6783044.86900,2924978.11800,482.24400,HDW X
93399,6783044.05300,2924977.52000,481.99800,WGW
93400,6783038.48600,2924973.31000,481.22000,WGW
93401,6783038.32600,2924973.59900,481.23100,WGW
93402,6783043.86500,2924977.71900,482.00100,WGW END
93403,6783042.83600,2924979.16400,482.02800,WGW1 ST
93404,6783037.21400,2924975.00500,481.25200,WGW1
93405,6783037.03600,2924975.27700,481.25600,WGW1
93406,6783042.63200,2924979.42100,482.03000,WGW1 END
93407,6783037.24200,2924974.85400,480.72200,GB ST - EC ST
93408,6783042.79200,2924979.01500,480.29500,GB
93409,6783087.69800,2925009.61100,481.39200,HDW ST
93410,6783088.48400,2925010.17000,481.39400,HDW
93411,6783087.07400,2925012.03300,481.36000,HDW
93412,6783086.43500,2925011.53100,481.34700,HDW X
93413,6783087.27500,2925012.17200,481.05700,WGW ST
93414,6783092.94100,2925016.11300,479.92600,WGW
93415,6783093.08400,2925015.88800,479.92000,WGW
93416,6783087.38600,2925011.90000,481.06400,WGW END
93417,6783088.45800,2925010.46300,481.09400,WGW ST
93418,6783094.12600,2925014.48100,479.94100,WGW
93419,6783094.34000,2925014.25200,479.94600,WGW
93420,6783088.64700,2925010.23100,481.09600,WGW END
93421,6783127.20200,2925040.35600,478.41900,FLD1
93422,6783094.09100,2925014.61800,479.40800,GB1 ST - EC1 ST
93423,6783093.72100,2925015.20500,479.39400,EC1 - FLD1
93424,6783088.34200,2925010.56400,479.35900,GB1
93425,6783087.92100,2925011.24000,479.34800,GB1 - FLD1
93426,6783087.56200,2925011.81800,479.33500,GB1
93427,6783093.22500,2925015.79800,479.38700,GB1 END - EC1 END
93428,6783043.23600,2924978.39200,480.28400,GB - FLD1
93429,6783043.66700,2924977.76600,480.27700,GB
93430,6783038.14200,2924973.65300,480.70200,GB
93431,6783037.74900,2924974.26500,480.71000,GB X - FLD1
93432,6782999.29000,2924944.95000,481.94400,FLD1 END
93433,6783009.07400,2924930.73400,484.26900,EA2 END
93434,6783013.89400,2924940.52900,483.18500,SN / CO RD 1261
93435,6782986.38300,2924957.65900,484.78700,CLF ST
93436,6783093.96700,2924984.30600,483.04800,PS5
93437,6783101.25400,2924974.04900,483.51800,PS6
93438,6783042.43000,2924946.07800,484.31200,PS5
93439,6783049.76200,2924935.88700,484.78700,PS6 END
93440,6783032.06700,2924938.40300,484.53400,PS5 PC
93441,6783018.85000,2924927.34100,484.86500,PS5
93442,6783008.30400,2924916.56100,485.21200,PS5 PT
93443,6782994.26600,2924901.41200,485.68800,PS5 PC
93444,6782981.88500,2924889.30600,486.03600,PS5
93445,6782970.11000,2924880.04100,486.25700,PS5 PT END
93446,6782977.09100,2924870.05800,486.64000,PSD4 ST
93447,6782982.82000,2924859.67900,487.06000,PSY6 ST
93448,6782983.22100,2924859.16300,487.06400,PSD6 ST
93449,6782991.21900,2924846.08800,487.51400,PSD5 ST
93450,6782991.51000,2924845.53600,487.54600,PSY5 ST
93451,6782998.91600,2924836.37600,487.89500,PSD7 ST
93452,6783006.31300,2924826.64400,488.01900,PS6 ST
93453,6783013.15400,2924815.79900,487.64500,EA2 ST
93454,6783019.21400,2924807.47200,485.54100,NG
93455,6783025.75000,2924786.81100,486.94400,NG
93456,6783042.11800,2924816.42300,485.94700,HDW ST - WGW ST
93457,6783042.91600,2924816.92700,485.99900,HDW
93458,6783041.48800,2924818.78600,486.01800,HDW
93459,6783040.82500,2924818.32300,485.97700,HDW - WGW1 ST
93460,6783038.45800,2924816.78400,485.41900,WGW1 / BURRIED
93461,6783038.63900,2924816.49300,485.44900,WGW1 / BURRIED
93462,6783039.84100,2924814.82800,485.40000,WGW / BURRIED
93463,6783039.51900,2924815.07900,485.40100,WGW / BURRIED
93464,6783041.94300,2924816.64200,486.01100,WGW END - HDW ST
93465,6783041.08900,2924818.07200,486.01300,WGW1 END - HDW END
93466,6783021.29400,2924803.69200,485.28000,FLD1 ST
93468,6783027.93500,2924825.05900,487.13500,EA2
93469,6783063.98400,2924816.61900,485.83900,EA2 PC
93470,6783091.17800,2924823.04200,485.08900,EA2
93471,6783114.27700,2924848.38100,484.85300,EA2 PT
93472,6783116.64200,2924865.09300,484.88200,EA2
93473,6783114.32800,2924885.03600,485.43800,EA2
93474,6783083.62300,2924864.73300,486.30900,EA3 PC ST
93475,6783096.94900,2924855.49500,485.10100,EA3
93476,6783096.24500,2924848.25100,484.83000,EA3
93477,6783081.37000,2924836.11100,485.03200,EA3 PC
93478,6783065.60600,2924832.50700,485.67500,EA3
93479,6783060.63400,2924839.82100,486.05500,EA3 PT
93480,6783062.14000,2924849.16300,486.63700,EA3 X
93481,6783067.96000,2924834.27800,485.69700,WGW ST - HDW ST
93482,6783067.45300,2924833.79000,485.67600,HDW
93483,6783066.99700,2924834.03300,485.71300,HDW
93484,6783066.04400,2924835.46700,485.68600,HDW
93485,6783066.65600,2924836.09900,485.64700,WGW1 ST - HDW END
93486,6783069.42600,2924837.99200,484.92100,WGW1
93487,6783069.70500,2924837.86000,484.89000,WGW1
93488,6783070.93700,2924836.30600,484.88500,WGW
93489,6783070.81800,2924836.57600,484.87900,WGW
93490,6783067.89700,2924834.54400,485.70400,WGW END - HDW ST
93491,6783066.96800,2924835.88200,485.66600,WGW1 END - HDW END
93493,6783041.44200,2924817.22800,484.09000,FLD1 / 18RCP
93494,6783067.62400,2924835.30700,483.77100,FLD1 / 18RCP
93495,6783070.45200,2924837.17100,484.61800,FLD1
93496,6783095.46900,2924852.95200,485.27400,HDW ST - WGW ST
93497,6783096.09600,2924853.35000,485.24500,HDW
93498,6783094.90300,2924855.32100,485.24500,HDW
93499,6783094.16000,2924854.91000,485.23800,HDW END - WGW1 ST
93500,6783089.50200,2924848.89000,483.99400,WGW
93501,6783089.42400,2924849.16400,484.01700,WGW
93502,6783095.23200,2924853.21800,485.26300,WGW END - HDW ST
93503,6783088.27700,2924850.79700,483.94700,WGW1
93504,6783088.38700,2924850.59700,483.97100,WGW1
93505,6783094.33300,2924854.64900,485.26700,WGW1 END - HDW END
93506,6783088.49200,2924850.47800,483.46700,EC ST - GB ST
93507,6783094.33700,2924854.36700,483.36300,GB
93508,6783089.26200,2924850.14000,483.97700,FLD1
93509,6783094.68900,2924853.82100,483.37000,GB - FLD1 / 18RCP
93510,6783095.04600,2924853.18300,483.37600,GB
93511,6783089.26700,2924849.23200,483.44800,GB END - EC END
93512,6783044.70400,2924853.34000,487.46300,PS6
93513,6783037.54700,2924862.74400,487.30500,PSD7
93514,6783031.34000,2924872.84000,486.93000,PSY5
93515,6783030.88700,2924873.38400,486.89900,PSD5
93516,6783022.82900,2924886.31500,486.43300,PSD6
93517,6783022.28400,2924887.01000,486.43900,PSY6
93518,6783015.14800,2924896.15000,486.04200,PSD4
93519,6783084.28100,2924881.60400,486.76300,PS6
93520,6783077.32100,2924891.53700,486.54500,PSD7
93521,6783070.43200,2924900.69400,486.19700,PSY5
93522,6783069.80300,2924901.27500,486.15700,PSD5
93523,6783059.13600,2924912.28200,485.72900,PSD6
93524,6783058.74600,2924912.95500,485.71000,PSY6
93525,6783051.62600,2924921.75400,485.32900,PSD4
93526,6783124.36700,2924911.32300,485.82800,PS6
93527,6783118.46200,2924921.71200,485.57800,PSD7
93528,6783112.10000,2924931.42800,485.19600,PSY5
93529,6783111.76100,2924932.05000,485.15100,PSD5
93530,6783103.70700,2924945.20400,484.66300,PSD6
93531,6783103.16400,2924945.71300,484.65800,PSY6
93532,6783095.85400,2924954.36500,484.26100,PSD4
93533,6783150.18400,2924872.32600,483.43600,BWF ST
93534,6783119.95500,2924872.26700,484.47700,WGW ST - HDW ST
93535,6783119.21500,2924871.69800,484.50900,HDW
93536,6783120.58900,2924869.85800,484.47300,HDW
93537,6783121.35600,2924870.38700,484.42700,HDW END - WGW1 ST
93538,6783126.95100,2924874.71000,482.81400,WGW1
93539,6783126.75800,2924875.00800,482.80000,WGW1
93540,6783125.55900,2924876.59600,482.83700,WGW
93541,6783125.69400,2924876.38200,482.83600,WGW
93542,6783120.12900,2924871.95800,484.47200,WGW END - HDW ST
93543,6783121.09600,2924870.69300,484.43000,WGW1 END - HDW END
93544,6783120.74400,2924871.31100,482.52500,FLD1 / 18RCP
93545,6783126.17300,2924875.04000,482.99000,FLD1
93546,6783124.14800,2924883.81800,484.10200,NG
93547,6783131.92900,2924901.02100,485.35800,EA2
93548,6783171.80200,2924931.47700,484.26700,EA2
93549,6783164.99600,2924942.08200,484.69000,PS6
93550,6783159.03300,2924952.71300,484.44100,PSD7
93551,6783152.50100,2924962.20400,484.05600,PSY5
93552,6783152.00600,2924962.97400,484.02100,PSD5
93553,6783143.26000,2924975.26100,483.54700,PSD6
93554,6783142.61700,2924975.71500,483.53800,PSY6
93555,6783134.50100,2924984.45600,483.18400,PSD4
93556,6783177.88500,2924924.24400,482.32100,NG
93557,6783183.35900,2924918.49000,481.17600,FLD1
93558,6783190.34400,2924903.48400,480.94300,BWF
93559,6783212.05300,2924961.72000,482.82900,EA2
93560,6783203.44900,2924971.91600,483.45600,PS6
93561,6783195.81800,2924981.53300,483.25800,PSD7
93562,6783188.85700,2924990.39600,482.91700,PSY5
93563,6783188.51200,2924990.83700,482.89900,PSD5
93564,6783178.90600,2925003.01200,482.42600,PSD6
93565,6783178.28500,2925003.68300,482.43400,PSY6
93566,6783170.95000,2925012.74700,482.05000,PSD4
93567,6783220.36900,2924958.00900,481.37800,NG
93568,6783224.52100,2924953.12000,479.91200,FLD1
93569,6783233.43500,2924942.46400,479.79800,NG
93570,6783237.51300,2924936.90200,480.05300,BWF
93571,6783242.50900,2924943.27600,479.94900,FOCM
93572,6783251.33700,2924993.28100,481.54700,EA2
93573,6783244.16500,2925004.46600,481.96900,PS6
93574,6783237.54600,2925014.25500,481.79900,PSD7
93575,6783230.47300,2925023.51700,481.51900,PSY5
93576,6783229.90400,2925023.98000,481.49100,PSD5
93577,6783220.28300,2925035.97200,481.03200,PSD6
93578,6783219.78800,2925036.50100,481.02200,PSY6
93579,6783212.13000,2925045.22100,480.65700,PSD4
93580,6783257.17000,2924987.61300,479.94400,NG
93581,6783261.21100,2924983.60000,478.82400,FLD1
93582,6783269.80900,2924972.42900,478.44100,NG
93583,6783275.04200,2924966.06300,479.16200,BWF
93584,6783168.01900,2925059.74200,479.21500,TS - EM
93585,6783285.69200,2925179.60000,516.10300,OHE6 ST
93586,6783286.40700,2925183.34600,516.18800,OHE7 ST
93587,6783285.93400,2925186.61800,516.26800,OHE8 ST
93588,6783286.69200,2925186.97200,516.01500,MISC / XARM
93589,6783287.45300,2925179.16200,515.97300,MISC / XARM
93590,6783226.33800,2925168.23900,516.76800,OHE6
93591,6783226.65100,2925172.00900,517.55000,OHE7
93592,6783225.27800,2925175.44900,516.87800,OHE8
93593,6783225.28400,2925175.72100,516.05800,MISC / XARM
93594,6783226.53100,2925168.08600,515.93200,MISC / XARM
93595,6783101.22400,2925146.16600,512.66000,MISC / XARM
93596,6783108.12600,2925149.95000,513.53100,MISC / XARM
93597,6783104.39400,2925151.71800,515.63300,MISC / XARM
93598,6783106.56900,2925144.53000,515.24100,MISC / XARM
93599,6783106.66700,2925144.92700,515.43800,OHE6 END
93600,6783105.48700,2925148.31600,515.62600,OHE7 END
93601,6783104.49500,2925151.69400,515.83200,OHE8 END
93602,6783105.42400,2925148.30200,500.37600,OHE9
93603,6783025.49500,2925280.65500,499.45600,OHE9 END
93604,6783106.24400,2925048.42900,504.18400,OHE4 - OHE9 ST
93605,6782931.09300,2924921.05000,507.81200,OHE4 END
93606,6782931.14600,2924921.08500,509.04000,OHE9 END
93607,6782933.40300,2924918.03200,523.88600,OHE9 ST
93608,6782931.93400,2924921.66700,524.87000,OHE8 ST
93609,6782928.86100,2924923.76400,524.01400,OHE7 ST
93610,6783104.58200,2925051.97600,516.22700,MISC / XARM
93611,6783109.80800,2925045.99000,516.34300,MISC / XARM
93612,6783109.76700,2925046.35500,516.84800,OHE9
93613,6783106.76600,2925048.32700,517.84300,OHE8
93614,6783104.88400,2925051.80800,516.93200,OHE7
93615,6782933.61500,2924917.76300,523.27200,MISC / XARM
93616,6782928.57000,2924923.96900,523.26600,MISC / XARM
93617,6782932.91500,2924922.07000,518.57400,OHE4 ST
93618,6783106.33000,2925048.88500,508.57300,OHE4
93619,6783286.03500,2925183.06800,507.52700,OHE4
93620,6783226.36400,2925171.48800,507.70500,OHE4
93621,6783105.55000,2925148.44300,507.06900,OHE4 - OHE10 ST
93622,6783025.64000,2925280.93000,508.47800,OHE4 END
93623,6783106.65700,2925048.54500,505.71300,OHE10 END
93624,6783107.07300,2925048.06800,508.59500,OHE4 ST
93625,6783167.23600,2925059.60200,501.22200,OHE4
93626,6783286.42000,2925178.68600,511.64300,OHE9
93627,6783283.94400,2925181.14600,511.68200,OHE8
93628,6783282.08400,2925184.15500,511.95300,OHE7
93629,6783283.52600,2925185.76100,512.18500,MISC / XARM
93630,6783288.75900,2925179.90200,511.89000,MISC / XARM
93631,6783225.64600,2925172.03300,476.72700,PP
93632,6783218.19600,2925174.71700,477.33800,LP
93633,6783212.31100,2925171.03100,478.02900,T05 / PALM
93634,6783187.79100,2925170.99600,478.54400,T05 / PALM
93635,6783195.44300,2925156.97800,477.76100,NG
93636,6783218.01000,2925138.41300,477.24000,NG
93637,6783247.90800,2925156.09200,475.69100,NG
93638,6783122.27200,2925059.54500,479.35800,GUY
93639,6783120.05000,2925057.75200,479.52400,NG
93640,6783108.53400,2925049.00300,479.98500,TPED
93641,6783107.19900,2925047.82000,480.07800,PP
93642,6783109.54900,2925044.07200,480.10300,GUY
93643,6783108.89100,2925044.74600,480.09900,NG
93644,6783105.33800,2925039.94200,480.36700,CLF1 ST
93645,6783106.03900,2925038.15100,480.03400,FOCM
93646,6783106.86200,2925035.97500,479.74600,FVLT
93649,6783107.51800,2925012.33300,480.79900,NG
93650,6783094.54200,2925027.65100,480.75600,NG
93651,6783044.96200,2924996.54100,482.59100,CLF END - GATE ST
93652,6783076.36100,2925018.92100,482.32100,CLF1 END - GATE END
93653,6783033.83400,2924983.13000,482.28500,NG
93654,6783041.84600,2924967.32100,482.13200,NG
93655,6783003.07600,2924935.24500,483.22200,NG
93656,6782991.39900,2924950.57600,483.87300,NG
93657,6783253.34300,2925093.15100,478.57800,PS7 ST
93658,6783249.01100,2925074.38000,479.36700,PSD4
93659,6783258.98500,2925067.52400,479.61200,PSY6
93660,6783259.17900,2925067.28800,479.62000,PSD6
93661,6783269.20200,2925055.56400,480.05000,PSD5
93662,6783269.63300,2925055.20300,480.07000,PSY5
93663,6783277.74300,2925047.06100,480.20500,PSD7
93664,6783286.42100,2925038.25100,480.22100,PS6
93665,6783295.84900,2925028.75700,479.67100,EA2
93666,6783305.31800,2925017.68800,478.01400,TS
93667,6783320.27200,2925002.98900,477.69200,BWF
93668,6783302.17700,2925023.81900,478.09400,NG
93669,6783307.29200,2925016.33500,476.54700,FLD1
93670,6783345.14100,2925022.82800,476.67600,BWF END
93671,6783344.68900,2925050.53000,475.11300,FLD1
93672,6783330.65100,2925050.44600,477.93500,LP
93673,6783327.40700,2925051.31500,478.21700,MB
93674,6783334.93000,2925060.25800,478.10700,EA2
93675,6783325.80300,2925069.80600,478.59400,PS6
93676,6783343.88900,2925066.97600,477.56900,EA2 PC
93677,6783352.46400,2925067.96300,476.25800,EA2
93678,6783358.72100,2925063.13500,475.69300,EA2 PT
93679,6783366.06800,2925053.23200,475.67200,EA2 - EG ST
93680,6783361.84300,2925032.32600,475.63600,EG END
93681,6783369.89800,2925048.63900,475.69100,EA2 PC
93682,6783380.25100,2925055.24000,475.29500,EA2
93683,6783388.07400,2925062.90500,475.00000,EA2 PT
93684,6783393.77400,2925080.42600,474.79100,EA2 PC - EG ST
93685,6783413.82200,2925068.04600,474.82700,EG END
93686,6783389.78000,2925089.02200,474.96200,EA2
93687,6783392.56800,2925105.91700,475.50500,EA2 PT
93688,6783365.49500,2925101.31200,476.97600,PS6
93689,6783405.67900,2925133.48900,475.38500,PS6
93690,6783414.22200,2925124.14800,474.71100,EA2
93691,6783418.97400,2925119.14100,473.39600,NG
93692,6783393.90500,2925090.65600,474.43400,WGW ST - HDW ST
93693,6783393.14100,2925090.24900,474.41800,HDW
93694,6783394.50000,2925088.22300,474.46900,HDW
93695,6783395.15700,2925088.91800,474.42200,HDW END - WGW1 ST
93696,6783397.85200,2925090.99800,473.67900,WGW1
93697,6783397.47500,2925091.25000,473.64600,WGW1
93698,6783395.10000,2925089.25100,474.38300,WGW1 END - HDW ST
93699,6783395.89100,2925092.32700,473.82000,WGW
93700,6783396.16300,2925092.25000,473.79300,WGW
93701,6783394.08500,2925090.54400,474.41700,WGW END - HDW END
93702,6783357.68100,2925063.01700,475.67300,HDW ST - WGW ST
93703,6783358.41700,2925063.52600,475.62900,HDW
93704,6783359.77700,2925061.66500,475.67200,HDW
93705,6783359.00900,2925061.11700,475.68600,HDW END - WGW1 ST
93706,6783353.40300,2925056.83800,474.77800,WGW1
93707,6783353.31100,2925057.00800,474.78400,WGW1
93708,6783358.78800,2925061.43900,475.69500,HDW ST - WGW1 END
93709,6783351.91700,2925058.65800,474.81400,WGW
93710,6783352.08300,2925058.38600,474.78600,WGW
93711,6783357.81400,2925062.75300,475.68200,WGW
93712,6783352.96000,2925057.14400,474.30900,EC ST - GB ST
93713,6783352.54200,2925057.66800,474.29000,EC - FLD1
93714,6783358.45900,2925061.39400,473.78500,GB
93715,6783358.16300,2925061.94200,473.82100,GB - FLD1 / 18RCP
93716,6783357.75200,2925062.54300,473.77500,GB
93717,6783352.17300,2925058.18500,474.30300,GB END - EC END
93718,6783394.74700,2925090.16100,472.55400,FLD1 / 18RCP
93719,6783423.89800,2925113.56000,472.34300,FLD1 END
93720,6783430.99800,2925090.68000,473.48500,NG
93721,6783421.15300,2925083.22900,474.26700,WM
93722,6783453.79900,2925155.54500,473.22000,EA2
93723,6783446.91800,2925166.28200,473.85200,PS6
93724,6783459.35500,2925152.82600,472.12400,NG
93725,6783473.29800,2925136.52700,471.00700,NG
93726,6783485.45400,2925167.93600,470.93100,SN /CO RD 168
93727,6783493.06200,2925186.59700,471.92500,EA2
93728,6783484.89200,2925196.98100,472.54700,PS6
93729,6783500.20400,2925183.53300,470.79700,NG
93730,6783515.83000,2925165.75100,470.03800,NG
93731,6783531.58100,2925218.24700,470.87600,EA2
93732,6783532.99400,2925235.91100,471.03800,PS6 END
93733,6783553.35400,2925234.72500,469.95500,EA2 PC
93734,6783576.58800,2925236.63400,469.02200,EA2
93735,6783599.50000,2925222.63500,468.72500,EA2 PT END - EA1 END
93736,6783324.41100,2925083.57800,478.40700,PSD7
93737,6783317.40400,2925093.10800,478.34600,PSY5
93738,6783316.89000,2925093.78600,478.31500,PSD5
93739,6783308.04800,2925106.07400,477.99400,PSD6
93740,6783307.50300,2925106.58100,477.97400,PSY6
93741,6783300.38800,2925115.46000,477.61400,PSD4
93742,6783293.76500,2925125.72300,477.26100,PS7
93743,6783331.81100,2925156.38800,476.10700,PS7
93744,6783339.91900,2925147.37500,476.37100,PSD4
93745,6783333.99800,2925127.90800,477.09600,PSY6 END
93746,6783319.30100,2925115.10800,477.61700,PSD6 END
93747,6783344.33400,2925115.70600,477.35400,PSY6 ST - PSD5 END
93748,6783356.06400,2925124.94900,476.96200,PSY6
93749,6783356.57400,2925124.39500,476.96300,PSY5
93750,6783363.52300,2925115.52700,476.89300,PSD7
93751,6783401.81000,2925145.87800,475.51500,PSD7
93752,6783395.42400,2925155.04200,475.69800,PSY5
93753,6783395.02500,2925155.83800,475.66400,PSY6
93754,6783385.91800,2925169.44400,475.44800,PS6 ST
93755,6783252.26300,2925108.64500,477.86100,PS8 ST
93756,6783286.93500,2925136.27000,476.75000,PS8
93757,6783323.86800,2925165.98800,475.60100,PS8
93758,6783364.25100,2925198.53500,474.38100,PS8
93759,6783371.31500,2925188.20700,474.90200,PS7
93760,6783378.59000,2925178.38300,475.13700,PSD4
93761,6783405.06200,2925231.32300,473.04700,PS8
93762,6783412.52000,2925221.50000,473.50300,PS7
93763,6783421.84000,2925213.17500,473.69400,PSD4
93764,6783429.35000,2925204.27100,474.00800,PS6
93765,6783439.04300,2925191.24400,474.17600,PSY6
93766,6783439.49500,2925190.71900,474.16300,PSY5
93767,6783447.52400,2925182.83700,473.89600,PSD7
93768,6783500.13500,2925224.47700,472.17000,PSD7 END
93769,6783497.47300,2925237.14400,472.27700,PSY5 END
93770,6783497.18400,2925237.76200,472.29100,PSY6 END
93771,6783496.87700,2925238.18300,472.30100,PS9 ST / 24INCH WIDE
93772,6783486.92300,2925250.72000,472.21600,PS6 - PS9 END / 24IN WIDE
93773,6783493.84600,2925256.26200,472.01200,PS6 END - PS9 ST / 24IN WIDE
93774,6783479.26000,2925274.93600,471.37600,PS7 - PS9 END / 24IN WIDE
93775,6783484.78500,2925279.72900,471.21500,PS7 END - PS9 ST / 24IN WIDE
93776,6783477.32800,2925289.49700,470.71200,PS8 END - PS9 END
93777,6783466.05500,2925249.26000,472.27600,PSD4 END
93778,6783562.18100,2925302.78900,470.52500,A
93779,6783211.56900,2925127.69000,497.15200,SAG
93780,6783206.91000,2925167.91800,496.42600,SAG
93781,6783100.97500,2925147.50000,512.60200,OHE9 ST
93782,6783104.00300,2925149.18300,513.08700,OHE8 ST
93783,6783103.54300,2925149.88200,513.28900,OHE7 ST
93784,6783083.63300,2925175.02400,515.57600,OHE9
93785,6783087.33700,2925176.30500,516.19800,OHE8
93786,6783089.58200,2925179.26200,515.15100,OHE7
93787,6783021.70800,2925278.74300,514.83700,OHE9 END
93788,6783025.31600,2925280.04100,515.83300,OHE8 END
93789,6783027.73900,2925282.96200,515.03000,OHE7 END
93790,6783304.92200,2925017.93100,501.22900,OHE4 END
93791,6783304.72500,2925017.82400,510.50900,OHE4 ST
93792,6783168.47400,2925059.53300,510.81900,OHE4 END
93793,6783236.80600,2925037.89400,498.49200,SAG
93794,6783575.04200,2925229.87700,491.28400,OHE4 ST
93795,6783520.07300,2925373.78200,491.36000,OHE4 END
93796,6783550.47700,2925294.65700,486.89900,SAG / TRAFFIC LIGHT
93797,6783506.08400,2925360.00900,469.09600,TOC ST
93798,6783505.79900,2925359.75100,469.06800,GUT ST - EA2 PC ST
93799,6783505.82700,2925356.43100,469.21800,EA2
93800,6783509.96500,2925350.62500,469.01000,EA2 PT
93801,6783515.05000,2925345.59300,468.84500,EA2 PC
93802,6783523.70100,2925342.33200,468.84200,EA2
93803,6783533.99200,2925343.56800,468.79200,EA2 PT
93804,6783542.93600,2925342.35200,469.09300,PS
93805,6783550.24300,2925332.43700,469.62000,PSD
93806,6783580.05000,2925381.97500,467.60500,EA2
93809,6783518.01800,2925351.73300,467.16100,HDW ST
93810,6783518.75700,2925352.24200,467.16100,HDW
93811,6783520.20100,2925350.39400,467.18700,HDW
93812,6783519.45100,2925349.91800,467.21100,HDW X
93813,6783520.30200,2925350.55800,466.88700,WGW ST
93814,6783518.86500,2925352.33400,466.84300,WGW1 ST
93815,6783504.76000,2925362.25100,469.52800,TOC PC
93816,6783504.35600,2925361.90900,469.34100,GUT PC
93817,6783503.70300,2925364.94300,469.30500,GUT
93818,6783504.24600,2925364.75300,469.52400,TOC
93819,6783505.75300,2925368.48900,469.48800,TOC PT
93820,6783505.51200,2925368.90600,469.30400,GUT PT
93821,6783552.19000,2925406.53600,468.27300,GUT
93822,6783552.57600,2925406.11800,468.58500,TOC
93823,6783560.60700,2925410.66000,467.81100,WM
93824,6783563.12900,2925410.95500,466.95100,WM
93825,6783563.55100,2925413.01600,467.46100,WM
93826,6783598.34800,2925443.55800,467.08300,GUT
93827,6783598.65100,2925443.16400,467.43500,TOC
93828,6783601.34000,2925445.74500,467.38500,TOC END - EC ST
93829,6783601.03500,2925446.47800,466.94300,GUT END
93830,6783605.70700,2925442.53600,466.57300,EC
93831,6783608.95000,2925446.66900,466.56800,EC
93832,6783604.63200,2925449.79300,467.46300,EC END
93833,6783604.47400,2925449.96900,467.50300,TOC PC
93834,6783603.82800,2925449.88900,467.01700,GUT PC
93835,6783608.08800,2925462.27800,467.48800,GUT
93836,6783608.67900,2925462.40800,467.74900,TOC
93837,6783605.86600,2925478.90000,468.01800,TOC PT END
93838,6783605.70600,2925478.67100,467.78900,GUT PT END
93839,6783609.71000,2925478.65900,467.40400,NG
93840,6783621.57600,2925482.66600,465.10600,NG
93841,6783641.06800,2925489.53200,464.46600,NG
93842,6783643.42900,2925473.96300,465.53400,NG
93843,6783616.92300,2925448.68100,466.07300,NG
93844,6783591.41900,2925426.91000,466.02200,NG
93845,6783566.27100,2925409.49800,466.71200,NG
93846,6783528.72300,2925373.08900,467.52700,NG
93847,6783524.32600,2925356.58700,465.66600,WGW1
93848,6783524.38600,2925356.28700,465.69500,WGW1
93849,6783525.64800,2925354.76700,465.71900,WGW
93850,6783525.41700,2925355.03000,465.71300,WGW
93851,6783520.12600,2925350.73800,466.90600,WGW END
93852,6783519.13000,2925351.97800,466.86700,WGW1 END
93853,6783525.70800,2925354.77000,465.38100,EC ST - GB ST
93854,6783526.26300,2925354.05700,465.71100,EC
93855,6783525.46800,2925355.11900,465.25900,GB
93856,6783520.02600,2925350.86200,465.28600,GB
93857,6783455.00400,2925299.67500,468.43800,FLD
93858,6783470.19600,2925311.67800,467.69700,FLD
93859,6783484.27900,2925322.34400,466.71800,FLD
93860,6783519.65200,2925351.39800,465.23900,FLD - GB
93861,6783519.13700,2925351.96400,465.27500,GB
93862,6783524.57900,2925356.32300,465.18000,GB - EC1 ST
93863,6783524.00900,2925357.90400,465.80000,EC1
93864,6783543.26300,2925365.14800,465.47800,EC
93865,6783542.91700,2925366.26000,465.12600,EC - GB ST
93866,6783529.27200,2925358.81500,465.20300,GB
93867,6783528.69800,2925359.64600,465.28200,GB
93868,6783543.88500,2925367.89600,463.42000,EC
93869,6783540.22200,2925367.08800,464.71000,EC
93870,6783541.43400,2925369.66000,464.61100,EC
93871,6783525.08700,2925355.89400,465.38000,FLD
93872,6783537.34800,2925365.63300,464.77300,FLD
93873,6783541.39900,2925371.59800,464.43200,EC - FLD
93874,6783540.09800,2925373.45600,465.26300,EC
93875,6783539.25700,2925374.20900,465.84400,EC1
93876,6783540.37000,2925372.06700,464.79100,GB END
93877,6783553.56200,2925389.14600,465.52900,EC
93878,6783553.37700,2925389.31000,465.73100,EC1
93879,6783562.04000,2925387.29800,463.67700,FLD - EC
93880,6783564.08800,2925389.58500,463.68200,EC
93881,6783569.24300,2925384.44300,464.19900,EC END - GB ST
93882,6783571.65800,2925381.20900,463.70400,GB
93883,6783572.41200,2925381.89200,463.70800,GB - FLD1 ST
93884,6783573.02600,2925382.46200,463.70700,GB
93885,6783570.85400,2925385.34300,464.31500,GB END - EC ST
93886,6783566.36700,2925388.27500,463.70700,EC
93887,6783565.97900,2925388.38800,463.70200,FLD1
93888,6783565.11300,2925391.40800,463.70700,EC
93889,6783566.37100,2925399.81900,464.75000,EC
93890,6783569.14000,2925401.50100,464.53900,EC
93891,6783567.09100,2925404.05400,465.41300,EC END - EC1 END
93892,6783570.12700,2925400.59100,462.76700,GB ST - TOE ST
93893,6783567.41600,2925404.05400,463.63900,GB END - TOE1 ST
93894,6783563.89200,2925392.28500,463.69100,FLD - FLD1 END
93895,6783569.26600,2925401.54600,464.67800,FLD
93896,6783569.68900,2925402.39600,462.61800,FLD END - FL
93897,6783569.96900,2925400.11800,464.55800,GB1 ST
93898,6783567.08200,2925404.47800,464.57100,GB2 ST
93899,6783581.57200,2925404.16800,464.43400,GB1
93900,6783581.36400,2925404.49000,463.65900,TOE
93901,6783580.25300,2925406.82000,463.42400,FL
93902,6783575.00300,2925409.40500,462.25600,TOE1
93903,6783575.04800,2925410.68000,464.65000,GB2
93904,6783577.23400,2925409.31300,464.43500,GB2
93905,6783577.56800,2925408.50300,463.27500,TOE1
93906,6783590.26800,2925416.38600,463.49800,TOE1
93907,6783590.04400,2925416.89900,464.34000,GB2
93908,6783591.89300,2925413.85500,463.43500,TOE
93909,6783592.58300,2925413.38000,464.67200,GB1
93910,6783592.50700,2925415.97200,463.60300,FL
93911,6783596.58500,2925422.84600,463.97900,TOE
93912,6783596.16100,2925423.08600,463.74200,FL
93913,6783595.63000,2925423.71600,463.73000,TOE1
93914,6783604.15600,2925425.89700,463.24200,FL
93915,6783605.18600,2925427.23000,462.78800,TOE1
93916,6783605.38500,2925425.74900,462.82600,TOE
93917,6783615.95800,2925435.11300,462.70500,FL
93918,6783615.71900,2925436.15900,462.64700,TOE1
93919,6783616.74200,2925433.89000,462.65600,TOE
93920,6783597.37700,2925422.10600,464.46000,GB1
93921,6783594.28400,2925426.84500,465.64700,GB2
93922,6783606.31500,2925428.99600,463.89600,GB2
93923,6783615.02800,2925437.27500,464.01500,GB2
93924,6783605.80300,2925425.12500,463.69000,GB1
93925,6783618.82800,2925433.73800,463.92500,GB1
93926,6783625.30600,2925426.24000,466.30000,NG
93927,6783654.19100,2925459.05100,463.40100,GB1
93928,6783653.50000,2925459.67800,461.97900,TOE
93929,6783651.91200,2925461.47100,461.46200,FL
93930,6783674.18900,2925476.28300,462.46500,TOE
93931,6783674.62800,2925476.06700,463.21200,GB1
93932,6783674.78700,2925481.32400,461.87300,FL
93933,6783650.99200,2925466.94100,464.01400,GB2
93934,6783673.67500,2925485.39900,462.81800,GB2 END
93935,6783680.35900,2925486.82500,462.46600,FL
93936,6783685.83400,2925486.78800,462.40200,FL
93937,6783676.00300,2925480.29000,462.56000,TOE
93938,6783676.73400,2925480.38200,463.00400,GB1
93939,6783676.24900,2925482.13800,462.96600,GB1
93940,6783675.68600,2925481.69300,462.10200,TOE
93941,6783652.04100,2925464.31400,461.84100,TOE1
93942,6783670.50800,2925481.74700,462.46000,TOE1 END - TOE END
93943,6783686.15700,2925485.78100,462.37600,GB1
93944,6783683.57000,2925490.45200,462.86600,NG
93945,6783690.56500,2925494.25600,462.22100,GB2 ST
93946,6783693.06500,2925492.09700,461.69000,TOE ST - TOE1 ST
93947,6783691.11100,2925491.71100,462.16700,FL
93948,6783691.97000,2925492.23400,461.59300,FL - TOE1
93949,6783691.66600,2925493.49800,461.73000,TOE1
93954,6783693.72700,2925491.33600,462.73300,GB1
93955,6783714.98000,2925515.74200,462.51800,GB1
93956,6783713.89700,2925516.25500,461.44100,TOE
93957,6783713.24500,2925516.68700,461.30700,FL
93958,6783711.10200,2925518.56800,461.58800,TOE1
93959,6783709.78900,2925518.92800,462.75200,GB2
93960,6783711.03400,2925529.33300,462.22500,GB2 END
93961,6783711.90700,2925529.03400,461.43600,TOE1 END
93962,6783713.59500,2925528.99400,461.43500,FL END
93963,6783717.52300,2925529.56400,461.37100,TOE END
93964,6783718.50400,2925529.68300,463.35400,GB1 END
93965,6783695.50500,2925514.84800,463.66400,PP
93966,6783696.09000,2925513.17300,463.45000,TPED
93967,6783696.58600,2925514.92500,463.56800,NG
93968,6783722.28600,2925511.11800,466.15100,NG
93969,6783728.90700,2925530.46700,465.43700,NG
93970,6783755.90600,2925550.16800,466.86700,NG
93971,6783619.61000,2925414.34500,467.36600,EA2
93972,6783659.89400,2925445.34900,467.25100,EA2
93973,6783700.51000,2925477.64600,467.43800,EA2
93974,6783740.21500,2925508.74000,466.57300,EA2
93975,6783776.42700,2925539.22200,468.37700,EA2 PC
93976,6783788.98800,2925565.57800,466.07800,EA2
93977,6783784.26400,2925587.60900,465.23300,EA2 PT
93978,6783759.99600,2925646.15700,462.02400,EA2 END
93979,6783777.44300,2925657.06500,461.95000,EA2 ST
93980,6783787.13700,2925631.97400,463.32300,EA2 PC
93981,6783792.40000,2925620.77600,464.16400,EA2
93982,6783798.12000,2925609.80300,464.83000,EA2 PT
93983,6783760.96500,2925622.94300,464.81900,SN / 30MPH
93984,6783752.64200,2925613.67800,464.97000,NG
93985,6783760.08500,2925577.28300,465.97100,NG
93986,6783599.61800,2925356.63100,469.13200,PSD1 ST
93987,6783609.93500,2925349.95800,469.42200,PSY3 ST
93988,6783610.28300,2925349.13700,469.44200,PSY4 ST
93989,6783583.25100,2925374.66000,468.45500,PS
93990,6783593.65000,2925367.18300,468.87800,PSD
93991,6783624.83800,2925407.93400,467.97600,PS
93992,6783632.85700,2925398.70600,468.44400,PSD
93993,6783640.39100,2925389.45100,468.67000,PSD1
93994,6783647.10600,2925379.89600,469.00200,PSY3
93995,6783647.76700,2925379.44100,469.00300,PSY4
93996,6783610.84500,2925349.20500,469.41000,PS5 ST
93997,6783611.55900,2925329.72600,469.68900,PS6
93998,6783612.65100,2925330.23600,469.65900,PS7
93999,6783631.85900,2925330.76400,469.25800,PSD5 ST
94000,6783627.47500,2925311.52400,469.07700,PS7 - PS8 ST
94001,6783635.62800,2925301.03600,468.49000,PS9 ST - PS7 END / 24 IN
94002,6783620.37700,2925336.76500,469.54200,PS6 - PS5 END
94003,6783660.95600,2925369.42800,469.11500,PS6
94004,6783668.20300,2925361.74700,468.97600,PSD5
94005,6783677.07600,2925351.65100,468.54100,PS8
94006,6783686.50000,2925341.77400,468.02600,PS9
94007,6783691.90300,2925338.88600,467.42100,EA
94008,6783692.44900,2925338.29100,466.97700,GB11
94009,6783693.95500,2925336.27200,466.98400,GB12
94010,6783694.60900,2925335.49800,467.24800,EC10
94011,6783702.28100,2925331.88200,468.38300,EA6 PT
94014,6783740.35400,2925340.48000,469.39300,EC4 PC
94015,6783730.12800,2925350.23600,468.26400,EC4
94016,6783712.30200,2925341.05900,468.23100,EA6 PC
94017,6783715.37300,2925346.30700,468.01600,EA6
94018,6783714.87500,2925352.09300,467.39900,EA6 PT END - EC4 PT
94019,6783713.00200,2925351.77200,467.35600,EC4
94020,6783712.44100,2925350.81200,467.25400,EC4 END - EC10 END
94021,6783710.39300,2925353.89600,467.32900,EA
94022,6783709.54900,2925352.55800,467.08600,GB11 END
94023,6783706.83400,2925347.47200,467.02300,GB12 END
94024,6783725.75700,2925373.37800,467.90900,PS9
94025,6783718.05300,2925384.46200,468.44200,PS8
94026,6783711.17900,2925393.63100,468.74700,PSD5
94027,6783703.89100,2925403.79800,469.01800,PS6
94028,6783694.39400,2925416.71900,468.97100,PSY4
94029,6783693.87100,2925417.28400,468.96100,PSY3
94030,6783687.02300,2925426.57500,468.66300,PSD1
94031,6783669.14000,2925427.53800,468.40300,PSD END - PS10 ST
94032,6783669.20000,2925443.63700,467.92400,PS
94033,6783705.72100,2925472.94300,468.06300,PS
94034,6783713.46900,2925463.33200,468.57400,PS10
94035,6783720.36000,2925453.39000,468.82400,PSD1
94036,6783727.04800,2925444.47100,469.10900,PSY3
94037,6783727.77800,2925443.68900,469.12800,PSY4
94038,6783726.86600,2925422.45200,469.09700,PS6 END
94039,6783747.74400,2925423.91600,468.94100,PSD5
94040,6783756.66200,2925415.68200,468.61800,PS8
94041,6783766.63400,2925405.95400,468.09100,PS9
94042,6783804.88700,2925436.35400,468.43800,PS9
94043,6783796.35400,2925447.42100,468.98300,PS8
94044,6783789.35200,2925457.14500,469.30900,PSD5
94045,6783787.98800,2925470.74100,469.63400,PSY9
94046,6783776.48100,2925482.67800,469.58800,PSY4 END - PSD4 ST
94051,6783745.74700,2925505.20100,468.41400,PS
94052,6783753.41100,2925495.34900,468.90900,PS10
94053,6783760.53200,2925485.78200,469.17400,PSD1
94054,6783767.58800,2925476.66800,469.49400,PSY3
94055,6783783.62700,2925535.50000,468.79000,PS END
94056,6783795.91500,2925529.70800,469.31300,PS10 END
94057,6783801.80900,2925518.77000,469.54400,PSD1 END
94058,6783808.81400,2925509.64500,469.86500,PSY3
94059,6783809.30300,2925509.06900,469.88900,PSD4 END
94060,6783818.18000,2925496.13000,469.94700,PSD9 ST
94061,6783818.79300,2925495.48100,469.92700,PSY9
94062,6783826.53400,2925487.44300,469.69700,PSD5
94063,6783824.09800,2925469.84900,469.25900,PS8 END
94064,6783846.18100,2925468.85000,468.84500,PS9
94065,6783863.38500,2925482.42000,468.97400,PS9 PC
94066,6783875.11500,2925493.16700,469.15600,PS9
94067,6783884.33300,2925503.66700,469.35200,PS9 PT END
94068,6783715.98600,2925355.25100,467.17500,EA
94069,6783731.30500,2925368.11800,467.20100,EA
94070,6783770.37300,2925400.13600,467.36700,EA
94071,6783810.61300,2925431.56300,467.80800,EA
94072,6783843.21900,2925457.61000,468.15000,EA - EC PC ST
94073,6783841.30700,2925442.08600,469.00000,EC
94074,6783845.22500,2925433.87000,469.68800,EC PT
94075,6783849.13400,2925428.49500,470.15200,EC
94076,6783873.30600,2925447.74200,470.50100,EC
94077,6783877.11100,2925442.99900,470.78500,EC END
94078,6783877.03800,2925450.58500,470.76700,PP
94079,6783859.21900,2925459.86100,467.49000,HDW ST - WGW ST
94080,6783858.75500,2925459.46600,467.48400,HDW
94081,6783860.02200,2925457.53500,467.52500,HDW
94082,6783860.65500,2925457.98200,467.52100,HDW END - WGW1 ST
94083,6783864.83000,2925464.23600,466.10700,WGW
94084,6783865.06500,2925463.93200,466.11800,WGW
94085,6783866.32500,2925462.44300,466.24800,WGW1
94087,6783866.07800,2925462.66700,466.12700,WGW1
94088,6783860.55200,2925458.23700,467.52600,WGW1 END - HDW ST
94089,6783859.50100,2925459.44900,467.49500,WGW END - HDW END
94090,6783865.19900,2925464.07100,465.61000,GB ST - EC ST
94091,6783859.68900,2925459.45900,465.62600,GB
94092,6783860.18900,2925458.92400,465.60400,GB - FLD ST / 18RCP
94093,6783860.50300,2925458.48200,465.61000,GB
94094,6783865.97300,2925462.90100,465.60400,GB END - EC END
94095,6783865.93200,2925463.45200,465.88400,FLD END
94096,6783829.00600,2925417.77000,469.77000,C
94097,6783787.43300,2925383.63900,469.50200,C
94098,6783757.93500,2925359.17400,469.32300,C
94099,6783797.63300,2925383.75000,506.39900,OHE
94100,6783795.39700,2925386.40000,506.55400,OHE1
94101,6783793.16300,2925389.02200,506.70800,OHE2
94102,6783878.54500,2925449.20400,507.69700,OHE END
94103,6783875.88800,2925452.53700,509.34400,OHE1 END
94104,6783873.80900,2925455.50000,507.60100,OHE2 END
94105,6783874.40300,2925456.11200,507.69100,MISC / XARM
94106,6783878.79600,2925449.78400,508.03900,MISC / XARM
94107,6783799.41300,2925384.89800,506.14900,MISC / XARM
94108,6783794.34700,2925390.47300,506.44000,MISC / XARM
94109,6783593.22200,2925220.30100,466.85500,EC ST
94110,6783591.58200,2925214.33300,466.84000,EC
94111,6783585.41200,2925215.77500,466.92400,EC
94112,6783586.91900,2925222.01500,466.97300,EC X
94113,6783589.17500,2925218.10200,466.97900,GI
94114,6783592.52400,2925223.97700,467.37200,EC ST
94115,6783584.45900,2925225.72500,467.39900,EC
94116,6783580.91800,2925213.46900,467.40600,EC
94117,6783593.55500,2925209.66100,467.44500,EC
94118,6783596.65400,2925219.64100,467.44600,EC X
94119,6783580.76400,2925224.87800,467.92400,EC ST
94120,6783578.48100,2925226.80100,468.32700,EC
94121,6783576.04400,2925224.06100,468.28400,EC
94122,6783578.28100,2925222.30200,467.98200,EC X
94123,6783578.26200,2925224.47400,468.19600,TSB
94124,6783574.55100,2925209.58800,468.15600,FVLT
94125,6783575.51900,2925208.09200,468.11700,FOCM
94126,6783576.48500,2925212.99000,467.72400,FOCM
94127,6783561.43700,2925210.36300,468.67300,EC ST - GB ST
94128,6783563.22400,2925207.95800,468.64300,EC
94129,6783560.12200,2925205.76000,468.68400,EC
94130,6783558.42900,2925208.05100,468.72000,EC END - GB END
94131,6783558.28000,2925208.13600,470.45000,EC ST - GB ST
94132,6783556.82300,2925210.01700,470.38500,EC
94133,6783559.92600,2925212.33800,470.34700,EC
94134,6783561.32600,2925210.55500,470.41800,EC END - GB END
94135,6783559.06100,2925210.28200,470.40000,EPB
94136,6783559.24300,2925176.07400,469.59600,EA14
94137,6783525.96100,2925171.86600,469.87100,EA14
94138,6783524.02600,2925165.13300,470.04900,EA14
94139,6783523.71000,2925165.74200,469.94300,MPOST
94140,6783519.08400,2925165.14800,470.22300,EA14
94141,6783519.11000,2925156.82600,470.10600,EA14
94142,6783559.11600,2925156.43600,469.67500,EA14 END - EA15 END
94143,6783592.73800,2925190.44800,469.43900,NG
94144,6783548.12200,2925192.56700,469.45400,NG
94145,6783507.31800,2925155.81600,470.60600,PP
94146,6783505.37800,2925151.26700,470.64300,WP
94147,6783575.21300,2925228.94600,469.50700,TS - EM
94148,6783614.74900,2925130.11900,469.94700,C
94149,6783625.81200,2925222.58000,469.70500,PSY
94150,6783624.49800,2925222.07400,469.71700,PSY1
94151,6783607.17600,2925253.51500,468.78200,PSY1 PT END
94152,6783608.00400,2925254.74300,468.75300,PSY PT END
94153,6783607.21500,2925255.86600,468.73400,PS
94154,6783591.52700,2925243.57500,469.07500,PS END / 24IN WIDE
94155,6783681.39900,2925146.23500,470.61900,SNS
94156,6783751.24900,2925136.01600,471.00200,EC ST - UNDER ROOTS
94157,6783751.18300,2925143.92900,470.98600,EC
94158,6783760.47000,2925143.65000,470.87200,EC END - UNDER ROOTS
94159,6783754.29900,2925137.88100,470.56200,EC ST
94160,6783754.51200,2925140.53000,470.60100,EC
94161,6783757.83600,2925140.41200,471.06100,EC
94162,6783757.44700,2925137.70100,470.35300,EC X
94163,6783756.18900,2925138.45800,470.50000,GI
94164,6783573.59200,2925382.60800,466.16500,HDW ST
94165,6783574.06100,2925381.96500,466.11600,HDW
94166,6783571.75300,2925380.29000,466.11800,HDW
94167,6783571.44000,2925380.92900,466.09000,HDW X
94168,6783570.81400,2925380.49000,466.14300,HDW ST
94169,6783571.32600,2925379.82000,466.12800,HDW
94170,6783569.17000,2925378.14500,466.14300,HDW
94171,6783568.64100,2925378.84600,466.12400,HDW X
94172,6783568.08700,2925378.57400,466.10500,HDW ST
94173,6783568.59800,2925377.91400,466.12400,HDW
94174,6783566.42800,2925376.18900,466.10400,HDW
94175,6783565.93300,2925376.84800,466.06200,HDW X
94176,6783565.40700,2925376.44300,466.10600,HDW ST
94177,6783565.89000,2925375.68500,466.13800,HDW
94178,6783563.67900,2925374.10500,466.13100,HDW
94179,6783563.23300,2925374.71100,466.09300,HDW X
94180,6783562.92000,2925374.64600,465.83100,EC ST
94181,6783562.61600,2925374.19800,465.88900,EC
94182,6783563.31800,2925373.14100,466.15500,EC
94183,6783564.59700,2925373.13900,466.34800,EC
94184,6783580.48200,2925385.50600,466.31500,EC
94185,6783573.95900,2925382.26700,466.00400,EC END
94186,6783571.53500,2925381.10600,465.83400,WGW ST
94187,6783570.42300,2925382.65000,465.39300,WGW END / BURRIED
94188,6783570.24700,2925380.88100,465.74200,WGW ST / BURRIED
94189,6783570.54500,2925380.46000,465.85700,WGW END
94190,6783568.83500,2925379.11400,465.83200,WGW ST
94191,6783567.93700,2925380.12400,465.54200,WGW END / BURRIED
94192,6783567.14600,2925379.33200,465.51900,WGW ST / BURRIED
94193,6783567.87000,2925378.46100,465.78100,WGW END
94194,6783566.02800,2925377.13700,465.77900,WGW ST
94195,6783565.40900,2925378.04600,465.48900,WGW END / BURRIED
94196,6783564.64200,2925376.83500,465.62700,WGW ST / BURRIED
94197,6783565.08300,2925376.30700,465.79600,WGW END / BURRIED
94198,6783563.34000,2925375.00400,465.81400,WGW ST
94199,6783562.55600,2925376.01100,465.46400,WGW END / BURRIED
94200,6783562.70300,2925376.14400,463.67200,GB ST
94201,6783563.46000,2925375.13600,463.69600,GB
94202,6783564.09200,2925375.68900,463.69900,GB - FLD END / 24RCP
94203,6783564.96600,2925376.31200,463.69900,GB
94204,6783564.03400,2925377.22500,463.68600,GB X
94205,6783565.33000,2925378.31200,463.66600,GB ST
94206,6783566.22200,2925377.27500,463.67100,GB
94207,6783566.84100,2925377.86400,463.68100,GB - FLD END / 24RCP
94208,6783567.69600,2925378.39000,463.79400,GB
94209,6783566.92700,2925379.30400,463.68600,GB
94210,6783565.15900,2925379.40700,463.67400,GB X
94211,6783568.44400,2925379.92100,464.57600,GB ST
94212,6783568.92200,2925379.24500,464.51100,GB
94213,6783569.58800,2925379.77300,463.71900,GB - FLD END / 24RCP
94214,6783570.36400,2925380.42400,464.46800,GB
94215,6783569.05100,2925380.51300,464.55400,GB X
94216,6783567.85900,2925382.02400,465.94800,NG
94217,6783564.90800,2925381.99500,465.65600,NG
94218,6783562.06000,2925379.97400,465.36500,NG
94219,6783564.30700,2925385.13700,465.64000,NG
94220,6783573.73800,2925392.16500,465.46300,NG
94221,6783580.18700,2925388.96100,465.95300,MISC / REFLECTOR
94222,6783560.96800,2925373.04500,466.38300,MISC / REFLECTOR
94223,6783562.99400,2925369.77200,467.79800,NG
94224,6783583.87900,2925386.13200,467.32700,NG
94225,6783528.27400,2925349.57000,467.17300,NG
94226,6783518.37400,2925360.87200,467.89300,NG
94227,6783519.90700,2925374.59400,469.12400,TS
94228,6783541.20500,2925389.13900,467.36100,NG
94229,6783813.89300,2925400.49200,469.93100,EC ST
94230,6783807.45300,2925407.51600,469.16000,EC
94231,6783785.76200,2925390.16000,468.90000,EC
94232,6783792.79500,2925381.23900,469.88300,EC X
94233,6783794.10600,2925385.16400,469.97600,PP
94234,6783806.69000,2925400.05700,469.68400,NG
94235,6783793.16900,2925389.29000,469.57900,NG
94236,6783698.27400,2925334.91500,467.94700,SN / NO PARKING
94237,6783670.91000,2925243.81000,469.59300,C
94244,6783286.80400,2925187.80300,511.83700,OHE ST
94245,6783286.96900,2925184.04700,505.97700,OHE1 ST
94246,6783449.42900,2925310.84600,495.80300,OHE1 END
94247,6783449.16800,2925310.09700,502.96700,OHE END
94248,6783449.36200,2925310.82700,470.95100,PP
94249,6783293.18000,2925196.64300,475.04600,MISC / VALVE COVER
