Point,Northing,Easting,Elevation,Datum,Description,Note
907,6782975.096,2924911.800,484.245,,58CIRST / BLUE ARS,shared by all crews
908,6783410.890,2925262.388,471.810,,MAGST,shared by all crews
909,6783675.332,2925211.371,469.667,,XST,shared by all crews
910,6783145.019,2925066.344,479.231,,58CIRST / BLUE ARS,shared by all crews
911,6783718.025,2925499.779,466.775,,58CIRST / BLUE ARS,shared by all crews
702,6784350.705,2925878.193,466.426,,MAGST,shared by all crews
703,6784684.637,2926141.498,455.891,,XST,shared by all crews
600,6781514.923,2924150.851,469.224,,MAGST / W WASHER,shared by all crews
601,6782428.406,2924489.102,481.786,,MAGST / W WASHER,shared by all crews
