1,6967028.000,2552600.000,512.41,EP1 B
2,6967028.000,2552640.000,511.93,EP1
3,6967028.000,2552680.000,511.45,EP1
4,6967028.000,2552720.000,510.98,EP1
5,6967028.000,2552760.000,510.52,EP1
6,6967028.000,2552800.000,510.11,EP1
7,6967028.000,2552840.000,509.81,EP1
8,6967028.000,2552880.000,509.68,EP1
9,6967028.000,2552920.000,509.73,EP1
10,6967028.000,2552960.000,509.87,EP1
11,6967028.000,2553000.000,509.87,EP1
12,6967028.000,2553040.000,509.50,EP1
13,6967028.000,2553080.000,508.70,EP1
14,6967028.000,2553120.000,507.64,EP1
15,6967028.000,2553160.000,506.56,EP1
16,6967028.000,2553200.000,505.64,EP1 E
17,6967052.000,2552600.000,512.89,EP2 B
18,6967052.000,2552640.000,512.41,EP2
19,6967052.000,2552680.000,511.93,EP2
20,6967052.000,2552720.000,511.46,EP2
21,6967052.000,2552760.000,511.01,EP2
22,6967052.000,2552800.000,510.63,EP2
23,6967052.000,2552840.000,510.38,EP2
24,6967052.000,2552880.000,510.36,EP2
25,6967052.000,2552920.000,510.59,EP2
26,6967052.000,2552960.000,510.94,EP2
27,6967052.000,2553000.000,511.09,EP2
28,6967052.000,2553040.000,510.75,EP2
29,6967052.000,2553080.000,509.85,EP2
30,6967052.000,2553118.000,508.67,EP2
31,6967053.022,2553125.765,508.45,EP2
32,6967056.019,2553133.000,508.33,EP2
33,6967060.787,2553139.213,508.29,EP2
34,6967067.000,2553143.981,508.34,EP2
35,6967074.235,2553146.978,508.48,EP2
36,6967082.000,2553148.000,508.69,EP2
37,6967120.000,2553148.000,509.67,EP2
38,6967160.000,2553148.000,510.05,EP2
39,6967200.000,2553148.000,509.83,EP2
40,6967240.000,2553148.000,509.80,EP2
41,6967280.000,2553148.000,510.53,EP2
42,6967320.000,2553148.000,511.59,EP2 E
43,6967340.000,2553172.000,511.74,EP3 B
44,6967300.000,2553172.000,510.67,EP3
45,6967260.000,2553172.000,509.54,EP3
46,6967220.000,2553172.000,508.96,EP3
47,6967180.000,2553172.000,509.03,EP3
48,6967140.000,2553172.000,508.96,EP3
49,6967100.000,2553172.000,508.30,EP3
50,6967082.000,2553172.000,507.84,EP3
51,6967074.235,2553173.022,507.59,EP3
52,6967067.000,2553176.019,507.30,EP3
53,6967060.787,2553180.787,506.99,EP3
54,6967056.019,2553187.000,506.69,EP3
55,6967053.022,2553194.235,506.42,EP3
56,6967052.000,2553202.000,506.21,EP3
57,6967052.000,2553220.000,505.82,EP3 E
58,6967040.000,2552600.000,512.85,CL1 B
59,6967040.000,2552640.000,512.37,CL1
60,6967040.000,2552680.000,511.89,CL1
61,6967040.000,2552720.000,511.42,CL1
62,6967040.000,2552760.000,510.97,CL1
63,6967040.000,2552800.000,510.57,CL1
64,6967040.000,2552840.000,510.30,CL1
65,6967040.000,2552880.000,510.22,CL1
66,6967040.000,2552920.000,510.36,CL1
67,6967040.000,2552960.000,510.60,CL1
68,6967040.000,2553000.000,510.67,CL1
69,6967040.000,2553040.000,510.32,CL1
70,6967040.000,2553080.000,509.48,CL1
71,6967040.000,2553120.000,508.32,CL1
72,6967040.000,2553160.000,507.15,CL1
73,6967040.000,2553200.000,506.15,CL1
74,6967080.000,2553160.000,508.39,CL2 B
75,6967132.000,2553160.000,509.56,CL2
76,6967184.000,2553160.000,509.67,CL2
77,6967236.000,2553160.000,509.62,CL2
78,6967288.000,2553160.000,510.72,CL2
79,6967340.000,2553160.000,512.11,CL2 E
80,6967060.000,2552610.000,513.03,SW1 B
81,6967060.000,2552676.000,512.24,SW1
82,6967060.000,2552742.000,511.47,SW1
83,6967060.000,2552808.000,510.84,SW1
84,6967060.000,2552874.000,510.67,SW1
85,6967060.000,2552940.000,511.19,SW1
86,6967060.000,2553006.000,511.58,SW1
87,6967060.000,2553072.000,510.57,SW1
88,6967060.000,2553138.000,508.40,SW1 E
89,6967062.000,2552600.000,513.24,PL1 B
90,6967062.000,2553140.000,508.46,PL1
91,6967345.000,2553140.000,512.45,PL1
92,6967345.000,2552600.000,517.85,PL1 CLS
93,6967343.000,2552600.000,517.78,FNC1 B
94,6967343.000,2552690.000,516.88,FNC1
95,6967343.000,2552780.000,516.00,FNC1
96,6967343.000,2552870.000,515.17,FNC1
97,6967343.000,2552960.000,514.47,FNC1
98,6967343.000,2553050.000,513.60,FNC1
99,6967343.000,2553140.000,512.40,FNC1 E
100,6967170.000,2552750.000,514.92,BLDG
101,6967170.000,2552840.000,514.92,BLDG
102,6967224.000,2552840.000,514.92,BLDG
103,6967224.000,2552750.000,514.92,BLDG
104,6967197.000,2552795.000,515.27,FFE
105,6967100.000,2552720.000,512.52,EP4 B
106,6967100.000,2552880.000,511.78,EP4
107,6967150.000,2552880.000,512.77,EP4
108,6967150.000,2552720.000,513.47,EP4 CLS
109,6967152.000,2552795.000,512.89,SW2 B
110,6967100.000,2552795.000,511.88,SW2 E
111,6967046.000,2552695.000,511.66,MH
112,6967046.000,2553030.000,510.62,SSMH
113,6967057.000,2552900.000,510.86,FH
114,6967058.000,2552660.000,512.49,LP
115,6967058.000,2552950.000,511.31,LP
116,6967066.000,2552855.000,510.85,SIGN
117,6967300.000,2552930.000,513.51,TREE 14 OAK
118,6967120.000,2552960.000,513.68,TREE 18 OAK
119,6967240.000,2552690.000,514.75,TREE 22 OAK
120,6967230.000,2553070.000,512.32,TREE 16 OAK
121,6967320.000,2552640.000,516.58,TREE 12 OAK
122,6967296.400,2552630.000,516.07,SWL1 B
123,6967290.400,2552680.000,515.35,SWL1
124,6967284.400,2552730.000,514.64,SWL1
125,6967278.400,2552780.000,513.95,SWL1
126,6967272.400,2552830.000,513.35,SWL1
127,6967266.400,2552880.000,512.98,SWL1
128,6967260.400,2552930.000,512.92,SWL1
129,6967254.400,2552980.000,513.02,SWL1
130,6967248.400,2553030.000,512.80,SWL1
131,6967242.400,2553080.000,511.91,SWL1
132,6967236.400,2553130.000,510.46,SWL1 E
133,6967073.987,2552607.314,513.44,GS
134,6967103.663,2552605.516,513.98,GS
135,6967139.336,2552606.268,514.73,GS
136,6967179.642,2552616.194,515.27,GS
137,6967213.956,2552616.931,515.63,GS
138,6967257.066,2552619.185,515.78,GS
139,6967290.883,2552619.701,516.06,GS
140,6967326.967,2552608.681,517.10,GS
141,6967075.649,2552649.359,512.90,GS
142,6967116.612,2552657.440,513.64,GS
143,6967141.989,2552651.407,514.17,GS
144,6967180.739,2552659.127,514.73,GS
145,6967212.640,2552655.121,515.11,GS
146,6967245.595,2552646.909,515.38,GS
147,6967289.440,2552649.223,515.68,GS
148,6967323.108,2552655.552,516.52,GS
149,6967082.936,2552683.877,512.71,GS
150,6967101.984,2552693.439,512.94,GS
151,6967147.582,2552696.226,513.78,GS
152,6967174.606,2552686.713,514.33,GS
153,6967224.104,2552681.443,514.80,GS
154,6967258.306,2552683.290,514.96,GS
155,6967291.771,2552682.115,515.35,GS
156,6967331.492,2552681.485,516.59,GS
157,6967065.323,2552720.672,511.90,GS
158,6967181.877,2552732.088,513.78,GS
159,6967214.673,2552722.910,514.21,GS
160,6967261.938,2552736.609,514.18,GS
161,6967286.658,2552726.848,514.65,GS
162,6967318.214,2552719.720,515.70,GS
163,6967080.214,2552761.412,511.65,GS
164,6967256.907,2552766.824,513.87,GS
165,6967297.695,2552771.059,514.52,GS
166,6967319.585,2552768.270,515.22,GS
167,6967081.105,2552809.153,511.33,GS
168,6967251.469,2552795.637,513.41,GS
169,6967283.592,2552812.978,513.67,GS
170,6967318.096,2552801.430,514.97,GS
171,6967067.875,2552844.455,510.84,GS
172,6967255.998,2552834.416,513.07,GS
173,6967283.074,2552833.696,513.51,GS
174,6967322.846,2552844.466,514.70,GS
175,6967067.352,2552877.337,510.98,GS
176,6967189.427,2552878.115,512.95,GS
177,6967219.107,2552872.551,512.89,GS
178,6967257.604,2552887.331,512.94,GS
179,6967293.301,2552885.515,513.49,GS
180,6967317.888,2552879.369,514.25,GS
181,6967079.483,2552921.935,511.74,GS
182,6967115.215,2552913.811,512.60,GS
183,6967144.027,2552911.482,513.24,GS
184,6967183.904,2552914.145,513.39,GS
185,6967220.206,2552913.317,513.15,GS
186,6967250.228,2552922.224,517.81,GS
187,6967290.958,2552916.472,513.36,GS
188,6967321.637,2552918.331,514.10,GS
189,6967070.849,2552948.729,511.75,GS
190,6967103.788,2552947.517,513.00,GS
191,6967148.465,2552961.109,514.22,GS
192,6967178.378,2552960.599,514.18,GS
193,6967222.497,2552953.121,513.36,GS
194,6967260.776,2552949.758,512.98,GS
195,6967291.073,2552960.404,513.22,GS
196,6967327.184,2552955.062,514.08,GS
197,6967079.663,2552994.991,512.55,GS
198,6967109.930,2552999.457,513.85,GS
199,6967152.763,2552986.949,514.54,GS
200,6967184.148,2552986.637,514.41,GS
201,6967224.337,2552992.711,513.51,GS
202,6967252.448,2552996.105,513.02,GS
203,6967283.414,2552993.989,513.05,GS
204,6967320.082,2553000.518,513.63,GS
205,6967073.276,2553024.216,512.23,GS
206,6967118.837,2553023.796,514.09,GS
207,6967144.534,2553025.163,514.54,GS
208,6967182.747,2553035.855,514.19,GS
209,6967224.606,2553027.598,513.29,GS
210,6967252.299,2553030.851,512.69,GS
211,6967282.433,2553040.473,512.69,GS
212,6967326.139,2553029.522,513.54,GS
213,6967068.950,2553061.963,511.33,GS
214,6967111.978,2553074.307,512.74,GS
215,6967145.137,2553061.810,513.75,GS
216,6967189.724,2553076.973,512.94,GS
217,6967215.576,2553074.429,512.46,GS
218,6967246.556,2553071.354,512.11,GS
219,6967297.477,2553075.566,512.41,GS
220,6967333.245,2553063.113,513.23,GS
221,6967071.719,2553111.121,509.88,GS
222,6967113.972,2553104.251,511.55,GS
223,6967146.039,2553111.449,511.78,GS
224,6967175.990,2553116.417,511.50,GS
225,6967225.874,2553101.875,511.35,GS
226,6967248.030,2553104.975,511.24,GS
227,6967283.289,2553106.181,511.60,GS
228,6967327.497,2553106.043,512.55,GS
229,6967016.470,2552626.400,511.97,GS
230,6967013.866,2552684.795,511.27,GS
231,6967013.397,2552738.357,510.60,GS
232,6967012.476,2552804.781,509.90,GS
233,6967015.307,2552859.464,509.53,GS
234,6967014.951,2552917.826,509.41,GS
235,6967014.555,2552972.181,509.46,GS
236,6967013.495,2553045.853,508.84,GS
237,6967011.164,2553092.287,507.73,GS
238,6967011.404,2553155.620,506.30,GS
