7001,6784551.95500,2926199.89900,456.84700,12IRF
72485,6784354.49800,2925880.59400,466.23900,EA1 ST - EA ST
72486,6784360.30500,2925873.69600,464.33300,NG
72487,6784365.71800,2925865.35000,463.34900,NG
72488,6784370.82100,2925856.07100,465.74300,NG
72489,6784370.92100,2925850.03600,467.03200,NG
72490,6784392.00500,2925910.74600,465.41600,EA1
72491,6784392.86000,2925910.10500,464.85600,NG
72492,6784397.97500,2925903.46700,463.50000,NG
72493,6784400.30400,2925899.87900,462.70800,NG
72494,6784403.35000,2925896.38900,462.79900,NG
72495,6784412.10100,2925887.20800,466.79000,NG
72496,6784415.72500,2925884.00000,467.57600,NG
72497,6784413.43200,2925882.75600,467.38600,PP
72498,6784417.18300,2925886.19400,467.17400,WM
72499,6784407.43600,2925907.75500,463.09400,SN / LIGHT AHEAD
72500,6784422.32500,2925934.91000,464.60200,EA1
72501,6784433.17400,2925940.04100,463.97800,EA1
72502,6784447.63100,2925951.42100,463.53800,EA1
72503,6784454.38200,2925957.86000,463.56800,EA1 PC
72504,6784455.18600,2925960.76900,463.73300,EA1
72505,6784459.18600,2925964.43500,463.68800,EA1 PT
72506,6784452.39900,2925955.01200,463.37200,EA4 ST
72507,6784460.33000,2925944.73400,464.08300,EA4
72508,6784472.95800,2925928.08500,466.46200,EA4 END
72509,6784465.25700,2925922.02300,466.65700,A
72510,6784457.94500,2925916.47600,466.78300,EA4 ST
72511,6784450.95000,2925923.45200,465.84100,EA4
72512,6784444.09100,2925931.20600,464.70100,EA4 PC
72513,6784438.05100,2925935.79800,463.89800,EA4
72514,6784428.34200,2925936.84400,464.09800,EA4 PT END
72515,6784430.71900,2925929.44800,463.72000,NG
72516,6784423.41500,2925928.01800,464.15300,NG
72517,6784425.59900,2925921.75100,462.42000,NG
72518,6784428.60600,2925917.99600,462.11100,NG
72519,6784437.52400,2925922.00600,463.89400,NG
72520,6784445.92300,2925913.33800,466.84200,NG
72521,6784438.59100,2925907.20800,467.39600,NG
72522,6784441.34400,2925907.99900,467.27400,PP
72523,6784439.18100,2925907.21600,467.45700,TPED
72524,6784434.51500,2925923.18400,463.57500,EC ST - EC3 ST
72525,6784435.08600,2925923.76800,463.57900,EC
72526,6784433.68400,2925925.60700,463.51500,EC
72527,6784433.05500,2925925.00700,463.55800,EC
72528,6784434.40200,2925923.45700,463.58200,EC1 ST - EC2 ST
72529,6784433.24500,2925924.79000,463.56700,EC2
72530,6784427.63800,2925920.46000,462.13400,EC
72531,6784427.74000,2925920.21600,462.15500,EC END - EC2 END
72532,6784428.99600,2925918.71300,462.17700,EC3
72533,6784428.85400,2925919.02500,462.19200,EC3 END - EC1 END
72534,6784428.74600,2925918.98700,461.67000,EC ST - GB ST
72535,6784427.76300,2925920.15300,461.67600,EC END - GB1 ST
72536,6784433.14200,2925924.59300,461.67200,GB1
72537,6784434.15600,2925923.50500,461.66000,GB1 END - GB END
72538,6784433.72500,2925924.06700,461.66000,"FL ST / RCCP18"""
72539,6784453.12400,2925938.76200,464.50600,A
72540,6784463.56300,2925948.27900,463.59500,NG
72541,6784465.28400,2925953.02500,462.63100,NG
72542,6784468.70900,2925949.93500,462.56500,NG
72543,6784480.42400,2925935.70200,466.13000,NG
72544,6784483.12800,2925944.68400,465.03500,GB4 ST
72545,6784483.70800,2925945.42900,463.28800,GB5 ST
72546,6784481.27600,2925946.40600,462.52800,GB5
72547,6784480.72100,2925946.18200,464.03600,GB4
72548,6784479.54900,2925948.93300,463.32100,GB4
72549,6784480.39100,2925948.88800,462.92200,GB5
72550,6784482.38300,2925950.65000,462.86700,GB5
72551,6784482.44600,2925951.61700,463.11200,GB4
72552,6784485.35400,2925948.50700,464.32100,GB4
72553,6784484.07900,2925948.31500,462.67300,GB5
72554,6784483.93200,2925946.98500,462.84300,GB5 X
72555,6784485.21900,2925945.85400,464.72000,GB4 X
72556,6784482.46400,2925947.53200,462.34300,NG
72557,6784486.28300,2925941.88600,465.71200,NG
72558,6784474.24300,2925954.76300,462.07500,NG
72559,6784471.30200,2925957.82900,462.00900,NG
72560,6784468.30000,2925961.43800,462.19900,NG
72561,6784464.18300,2925966.50700,463.35100,NG
72562,6784469.52100,2925969.57100,463.11400,MB / 6726
72563,6784469.81300,2925955.13300,461.89600,GB ST
72564,6784473.20700,2925957.86400,461.94000,GB
72565,6784474.72000,2925956.50700,461.77000,GB
72566,6784471.23700,2925952.53500,461.98500,GB END
72567,6784466.25400,2925951.90600,462.69900,EC ST - EC3 ST
72568,6784467.13400,2925952.26300,462.63500,EC1 ST - EC2 ST
72569,6784466.93900,2925952.46900,462.62600,EC3
72570,6784467.66600,2925950.13300,462.72200,EC
72571,6784468.35200,2925950.68700,462.67300,EC
72572,6784468.23500,2925950.86300,462.66400,EC2
72573,6784467.67700,2925951.63500,460.76300,"FL END / RCP18"""
72574,6784467.22300,2925952.25500,460.74700,GB ST - GB1 ST
72575,6784468.05000,2925951.08000,460.78000,GB1
72576,6784473.06000,2925954.87000,460.54000,GB1 END - EC8 ST
72577,6784472.05100,2925955.83800,460.52400,EC8 END - GB END
72578,6784473.41300,2925954.64300,461.12900,EC
72579,6784473.11200,2925954.82600,461.20300,EC END - EC2 END
72580,6784471.81500,2925956.27300,461.14900,EC3
72581,6784472.00200,2925956.13700,461.17600,EC3 END - EC1 END
72582,6784483.35900,2925983.83900,463.01000,EA1
72583,6784483.94300,2925982.86900,462.63600,NG
72584,6784488.93600,2925976.90100,461.03000,NG
72585,6784495.79500,2925969.96900,461.26800,NG
72586,6784506.46800,2925959.03300,464.89500,NG
72587,6784523.11500,2925970.97600,464.56500,NG
72588,6784539.91300,2925983.60000,463.63600,NG
72589,6784535.37400,2925984.52800,463.37700,WM
72590,6784529.98000,2925991.88000,462.36000,NG
72591,6784518.40100,2925999.99800,461.46300,NG
72592,6784514.64000,2926005.94000,461.86500,MB / 16720
72593,6784508.81400,2925997.51500,461.58500,NG
72594,6784513.81000,2925990.85800,459.89800,NG
72595,6784515.59100,2925988.07600,459.68500,NG
72596,6784522.41900,2925981.55200,462.38600,NG
72597,6784517.27900,2925989.11900,460.47500,GB ST
72598,6784515.06600,2925986.99400,460.27200,GB
72599,6784513.03300,2925985.80300,460.24900,GB
72600,6784511.30600,2925987.41500,460.35100,GB
72601,6784511.64000,2925989.68300,460.14500,GB
72602,6784513.77600,2925991.15700,460.27000,GB
72603,6784515.44300,2925991.34900,460.15000,GB END
72604,6784514.09100,2925990.61800,459.69900,NG
72605,6784512.83100,2925988.95300,459.38500,NG
72606,6784512.36200,2925987.11000,459.39900,NG
72607,6784513.77000,2925986.74200,459.45300,NG
72608,6784515.24100,2925988.30600,459.17600,NG
72609,6784514.75100,2925989.22200,459.10500,NG
72610,6784521.37500,2925993.20800,461.30500,EC1 ST - EC2 ST
72611,6784521.52000,2925992.96000,461.29600,EC ST - EC3 ST
72612,6784522.21600,2925993.55900,461.28500,EC
72613,6784520.81200,2925995.29900,461.21800,EC
72614,6784520.12600,2925994.77800,461.30900,EC
72615,6784520.27600,2925994.49900,461.31400,EC2
72616,6784520.65700,2925993.50700,459.34100,"FL ST / RCP18"""
72617,6784521.20600,2925993.21900,459.34200,GB ST - GB1 ST
72618,6784520.32500,2925994.33200,459.36900,GB
72619,6784514.79900,2925990.02700,459.31400,GB END - EC4 ST
72620,6784515.62500,2925988.95600,459.27700,EC4 END - GB1 END
72621,6784516.00300,2925988.59200,459.79300,EC3
72622,6784515.82700,2925988.88000,459.78800,EC3 END - EC1 END
72623,6784514.76000,2925990.11600,459.83900,EC2
72624,6784514.51700,2925990.36200,459.79200,EC2 END - EC END
72625,6784512.02900,2926007.09700,462.13300,EA1
72626,6784517.16000,2926009.80500,461.84400,EA1
72627,6784521.14600,2926011.12000,461.34400,EA1
72628,6784537.65800,2926023.90300,460.74200,EA1
72629,6784541.37200,2926030.26600,461.00700,EA1 - EC ST
72630,6784542.00800,2926029.36000,460.95300,EC
72631,6784556.46400,2926025.52300,461.06300,EC
72632,6784567.30500,2926010.56400,461.44000,EC PC
72633,6784570.01700,2926007.62700,461.51600,EC
72634,6784571.94000,2926005.60700,461.60000,EC PT END
72635,6784566.72500,2926001.72100,463.64900,NG
72636,6784563.36600,2926006.18600,463.76200,TPED
72637,6784563.32900,2926008.06900,463.26600,NG
72638,6784560.01800,2926013.63400,461.76500,NG
72639,6784551.49900,2926018.67000,461.20500,NG
72640,6784556.14100,2926008.90800,462.56800,NG
72641,6784559.86700,2926000.35300,463.62500,NG
72642,6784565.87400,2925997.86000,464.22700,SN / NOONDAY BUSINESS PARK
72643,6784537.81300,2926023.81800,460.77200,EA8 ST
72644,6784545.73600,2926015.58100,461.42500,EA8
72645,6784553.71600,2926007.52100,462.59300,EA8
72646,6784558.59700,2926000.51300,463.52600,EA8
72647,6784547.47500,2925991.11300,463.52000,EA8
72648,6784536.93000,2926001.86200,462.25400,EA8 PC
72649,6784531.40600,2926006.80100,461.42200,EA8
72650,6784520.38800,2926010.07400,461.25400,EA8 PT END
72651,6784539.36600,2926011.33500,461.55200,A
72652,6784548.21600,2925999.58700,463.03400,A
72653,6784579.86300,2926019.87200,461.27600,C
72654,6784570.13000,2926034.05800,460.74800,C
72655,6784578.80300,2926060.63600,459.65900,EA1 - EC ST
72656,6784579.62900,2926059.27500,459.64900,EC
72657,6784580.47500,2926043.23000,460.33700,EC
72658,6784591.12000,2926028.75500,461.03500,EC
72659,6784606.57400,2926033.52300,460.59500,EC
72660,6784603.45400,2926035.43100,460.33800,SNHC
72661,6784600.22200,2926035.24800,460.78000,PP
72662,6784613.45200,2926042.02400,459.84900,SNHC
72663,6784606.54400,2926033.72400,459.94900,GB2 ST - GB1 ST
72664,6784591.23000,2926029.00500,460.41400,GB1
72665,6784585.86700,2926036.29900,460.24200,GB1
72666,6784580.82000,2926043.37800,459.75100,GB1
72667,6784580.05700,2926055.82300,459.60300,GB1
72668,6784579.86000,2926059.25400,458.75100,GB1
72669,6784579.42100,2926060.04800,459.11700,GB1
72670,6784583.56600,2926063.54300,458.63800,GB1
72671,6784589.81700,2926068.08400,458.64700,GB1 END
72672,6784588.49000,2926065.55200,458.69300,MB
72673,6784587.58300,2926063.26800,458.34100,NG
72674,6784582.60100,2926058.76300,458.92200,NG
72675,6784585.67000,2926051.89900,458.38400,NG
72676,6784591.39500,2926058.09100,457.67600,NG
72677,6784598.18800,2926050.66100,457.46300,NG
72678,6784604.15400,2926043.69000,459.29800,NG
72679,6784606.62800,2926040.71700,460.12300,NG
72680,6784594.66800,2926034.59400,460.29000,NG
72681,6784588.84300,2926044.69500,458.08900,NG
72682,6784583.22700,2926046.45600,459.01800,GB ST
72683,6784585.22800,2926047.98900,457.61400,GB
72684,6784587.34600,2926049.58800,457.34800,GB
72685,6784588.37300,2926048.07200,456.62800,GB
72686,6784588.88300,2926047.75700,457.13500,GB END
72687,6784584.90100,2926044.47700,458.84200,GB ST
72688,6784588.49100,2926047.29800,457.81300,GB
72689,6784590.38600,2926047.37500,457.66100,GB
72690,6784594.82600,2926049.24100,457.56100,GB
72691,6784596.98500,2926052.94900,457.25100,GB
72692,6784595.22600,2926056.13100,457.02800,GB
72693,6784591.21600,2926057.03600,457.37800,GB
72694,6784588.34500,2926054.23000,457.75700,GB
72695,6784586.00400,2926051.01300,458.30300,GB
72696,6784584.63000,2926048.05900,458.57500,GB END
72697,6784589.60000,2926051.02600,456.01700,NG
72698,6784590.85400,2926050.00800,456.10000,NG
72699,6784593.21500,2926052.52200,455.63100,NG
72700,6784592.97700,2926054.56100,456.24200,NG
72701,6784582.42600,2926044.05500,457.72000,"FL END / RCP18"""
72702,6784581.89600,2926044.68100,457.72200,GB ST - GB1 ST
72703,6784582.85900,2926043.55200,457.72600,GB
72704,6784587.47000,2926049.06300,457.74400,EC4 ST - GB1 END
72705,6784588.37700,2926048.01200,457.73000,EC4 END - GB END
72706,6784581.62000,2926044.94900,459.56700,EC1 ST - EC3 ST
72707,6784581.82700,2926044.66000,459.59500,EC4 ST - EC2 ST
72708,6784582.88900,2926043.35700,459.59800,EC2
72709,6784582.38100,2926042.63500,459.62200,EC1
72710,6784583.08600,2926043.06700,459.59900,EC1
72711,6784588.38200,2926047.44200,458.28600,EC1
72712,6784588.43600,2926047.67000,458.25200,EC1
72713,6784588.07000,2926047.61300,458.30800,EC1 END - EC2 END
72714,6784587.24000,2926048.99300,458.28900,EC4
72715,6784587.13700,2926049.31800,458.25300,EC4 END - EC3 END
72716,6784580.92200,2926044.28300,459.64400,C / CORNER
72717,6784620.75600,2926094.54700,458.24200,EA1
72718,6784622.28900,2926091.74300,457.09000,NG
72719,6784628.32200,2926085.71600,455.53500,NG
72720,6784635.20000,2926076.59300,456.03600,NG
72721,6784641.63100,2926068.79400,457.48500,NG
72722,6784645.67800,2926065.16000,457.22700,GB
72723,6784646.12200,2926065.10000,458.22000,EC
72724,6784652.63600,2926070.24900,457.91600,EC
72725,6784654.94000,2926067.51600,457.93600,EC END
72726,6784655.47600,2926068.95600,457.81200,EC ST
72727,6784653.73300,2926071.02400,457.78600,EC
72728,6784653.41000,2926070.48200,457.39700,WM
72729,6784652.43200,2926070.31800,456.98300,GB END
72730,6784653.57300,2926071.13700,456.95500,GB ST
72731,6784646.98800,2926070.73000,458.03500,PP
72732,6784653.86400,2926075.78000,457.27500,WP
72733,6784675.97400,2926092.22700,456.00300,NG
72734,6784677.78800,2926090.73700,455.22000,GB
72735,6784678.04600,2926090.35100,456.81600,EC
72736,6784699.73100,2926107.37400,455.46600,EC END
72737,6784699.69600,2926107.43300,454.70100,GB END
72738,6784698.48900,2926109.02300,455.50100,NG
72739,6784697.16700,2926111.41200,455.45200,SN / PROLIFIC WELDING
72740,6784694.58000,2926113.64600,455.43300,NG
72741,6784686.35700,2926123.27000,453.44600,NG
72742,6784684.38600,2926126.13800,452.81600,NG
72743,6784681.38800,2926129.55500,454.51900,NG
72744,6784677.20300,2926134.49300,455.55900,NG
72745,6784674.54700,2926137.92100,456.21900,EA1 END
72746,6784666.94200,2926147.70500,456.72300,PS ST
72747,6784659.58600,2926156.74500,457.08200,PSD ST
72748,6784652.81500,2926166.47100,457.30200,PSY ST
72749,6784652.26500,2926167.11800,457.30600,PSD1 ST / YELLOW
72750,6784643.18800,2926179.87300,457.23200,PSD2 ST / YELLOW
72751,6784643.54900,2926179.60300,457.32900,PSY1
72752,6784636.50700,2926187.59700,457.16100,PSD3 ST
72753,6784628.67900,2926199.16800,456.60000,PS1 ST
72754,6784573.27700,2926154.53800,458.65000,PS1
72755,6784582.08700,2926181.17300,456.92800,EA1 ST
72756,6784579.37600,2926175.91500,457.45700,EA1
72757,6784565.82400,2926164.96500,457.94600,EA1
72758,6784582.24200,2926147.17100,458.88800,PSD3
72759,6784588.88600,2926137.12600,459.18500,PSY1
72760,6784588.80200,2926135.94800,459.20700,PSD2
72761,6784597.69500,2926123.18900,459.23900,PSD1
72762,6784598.35300,2926122.69000,459.23600,PSY
72763,6784604.63800,2926113.27400,459.08300,PSD
72764,6784613.08200,2926104.56900,458.70300,PS
72765,6784559.55000,2926061.53100,460.70600,PS
72766,6784552.15700,2926071.02000,461.04600,PSD
72767,6784544.92400,2926079.47600,461.32100,PSY
72768,6784544.41600,2926080.12300,461.33400,PSD1
72769,6784534.74400,2926092.77000,461.28200,PSD2
72770,6784534.38000,2926093.07900,461.30600,PSY1
72771,6784527.99900,2926101.67400,460.98800,PSD3
72772,6784510.73500,2926120.34800,460.21300,EA1
72773,6784519.68000,2926111.55000,460.64000,PS1
72774,6784463.15200,2926065.98500,462.65800,PS1
72775,6784455.45900,2926075.84100,462.17600,EA1
72776,6784470.27700,2926058.01800,462.95000,PSD3
72777,6784477.66100,2926047.50900,463.29400,PSY1
72778,6784477.97900,2926046.96100,463.28100,PSD2
72779,6784487.10800,2926034.20800,463.28800,PSD1
72780,6784487.58300,2926033.64600,463.26000,PSY
72781,6784495.87500,2926026.00300,462.93400,PSD
72782,6784503.79700,2926016.60100,462.60900,PS
72783,6784452.30600,2925975.07200,464.20500,PS
72784,6784445.74300,2925984.84400,464.50300,PSD
72785,6784439.10600,2925994.56700,464.76500,PSY
72786,6784438.68000,2925995.25300,464.78600,PSD1
72787,6784428.54400,2926006.94000,464.77500,PSD2
72788,6784427.95600,2926007.45300,464.78400,PSY1
72789,6784420.00300,2926015.22900,464.42000,PSD3
72790,6784411.06700,2926024.27800,464.23200,PS1
72791,6784403.19800,2926033.95100,463.71700,EA1
72792,6784354.81500,2925995.07700,464.88500,EA1 PC
72793,6784347.41500,2925991.23500,464.84100,EA1
72794,6784338.73700,2925992.59100,464.00500,EA1
72795,6784330.41000,2926003.20700,463.57200,EA1 PT
72796,6784324.43900,2926016.30600,462.81600,EA1 PC
72797,6784324.07500,2926024.07200,462.52000,EA1
72798,6784324.12500,2926030.20600,462.39100,EA1 PT END
72799,6784310.18800,2926011.46300,462.78900,EA1 ST
72800,6784312.07200,2926004.16300,463.12000,EA1
72801,6784317.83700,2926009.96600,462.88900,A
72802,6784325.17500,2925991.55000,463.94500,A
72803,6784318.03400,2925990.90400,463.85800,EA1 PC
72804,6784320.43700,2925985.11400,463.99000,EA1
72805,6784319.28700,2925970.44600,464.87100,EA1 PT
72806,6784315.89500,2925964.00300,465.71400,EA1
72807,6784303.68400,2925957.31500,465.62900,MB / 16729
72808,6784292.71200,2925945.12600,466.23800,EA1
72809,6784365.04100,2925987.04400,465.40500,PS1
72810,6784372.28700,2925977.66300,465.63100,PSD3
72811,6784379.75200,2925968.63400,465.99200,PYS1
72812,6784379.67900,2925967.81600,466.03400,PSD2
72813,6784390.63300,2925956.33200,466.05500,PSD1
72814,6784391.18800,2925955.92000,466.04000,PSY
72815,6784398.95500,2925947.70200,465.73000,PSD
72816,6784406.38900,2925938.00900,465.40100,PS
72817,6784343.46400,2925887.23800,466.77500,PS
72818,6784335.90800,2925896.33900,467.11100,PSD
72819,6784328.14200,2925905.09800,467.41400,PSY
72820,6784327.56500,2925905.95800,467.42200,PSD1
72821,6784317.53600,2925917.94400,467.41200,PSD2
72822,6784316.96300,2925918.29300,467.42600,PSY1
72823,6784310.29200,2925926.85900,467.05400,PSD3
72824,6784301.61700,2925935.95900,466.78800,PS1
72825,6784292.29500,2925946.85100,465.80800,NG
72826,6784286.45600,2925953.90800,463.71500,NG
72827,6784281.98800,2925959.50400,461.23900,NG
72828,6784277.55200,2925965.55100,462.35400,NG
72829,6784268.97900,2925978.47800,461.65400,NG
72830,6784291.51400,2925991.59500,462.32100,NG
72831,6784299.71800,2925980.70000,462.90800,NG
72832,6784299.60000,2925980.48900,462.92900,NG
72833,6784307.63000,2925984.24400,463.44500,NG
72834,6784303.76100,2926005.74400,462.77500,NG
72835,6784315.14700,2925982.17200,464.02500,NG
72836,6784313.54600,2925976.69800,463.61100,NG
72837,6784318.01800,2925970.84500,464.85700,NG
72838,6784311.84700,2925965.53800,465.28000,NG
72839,6784308.10500,2925970.91700,462.68600,NG
72840,6784312.77000,2925974.86300,463.47400,NG
72841,6784306.16000,2925973.87900,461.64400,NG
72842,6784305.02800,2925975.49800,461.55200,NG
72843,6784305.60900,2925975.85200,461.45200,GB ST
72844,6784310.25800,2925979.50400,461.80800,GB
72845,6784311.11200,2925978.48700,461.80900,GB
72846,6784306.51900,2925974.85900,461.51100,GB END
72847,6784310.75300,2925978.94700,461.67300,"FL ST / RCP18"""
72848,6784311.57400,2925978.20400,463.59800,HDW ST
72849,6784312.25700,2925978.65400,463.69400,HDW
72850,6784310.85900,2925980.57800,463.65000,HDW
72851,6784310.06900,2925979.91300,463.58800,HDW X
72852,6784310.16600,2925979.94800,463.21300,WGW ST
72853,6784310.26600,2925979.63100,463.22000,WGW
72854,6784305.53300,2925975.95400,461.68200,WGW
72855,6784305.33600,2925976.24900,461.65100,WGW X
72856,6784306.76900,2925974.42300,461.70200,WGW ST
72857,6784306.54000,2925974.83900,461.76600,WGW
72858,6784311.29200,2925978.39400,463.28900,WGW
72859,6784311.47200,2925978.10300,463.29600,WGW X
72860,6784334.69200,2925999.98700,463.70600,NG
72861,6784338.81400,2925999.59900,463.39400,NG
72862,6784344.94600,2925993.68900,464.38900,NG
72863,6784350.49700,2925997.10200,464.33000,NG
72864,6784345.54100,2926002.46800,462.43500,NG
72865,6784343.49500,2926005.60900,461.40200,NG
72866,6784342.26600,2926007.85900,461.43000,NG
72867,6784338.41900,2926013.69100,462.93300,NG
72868,6784329.78100,2926026.64300,462.72000,NG
72869,6784334.09900,2926007.89900,463.25900,NG
72870,6784338.74500,2926001.42200,463.22700,HDW ST
72871,6784338.05500,2926000.85500,463.30900,HDW
72872,6784336.47800,2926002.55400,463.32700,HDW
72873,6784337.18500,2926003.23600,463.25200,HDW X
72874,6784337.28200,2926003.30300,463.01000,WGW ST
72875,6784337.49700,2926003.07300,462.91000,WGW
72876,6784338.61200,2926001.74200,462.91800,WGW1 ST
72877,6784338.82900,2926001.45800,462.92300,WGW1
72878,6784343.59700,2926005.58600,461.29800,WGW1
72879,6784343.38100,2926005.77300,461.30700,WGW1 X
72880,6784342.22000,2926007.01500,461.32000,WGW
72881,6784342.07100,2926007.22300,461.32000,WGW X
72882,6784341.71600,2926006.59200,461.33400,GB ST
72883,6784337.84100,2926002.93800,461.33100,GB
72884,6784338.57100,2926001.91500,461.31500,GB
72885,6784338.06300,2926002.51100,461.31300,"FL END / RCP18"""
72886,6784342.67900,2926005.28500,461.31100,GB END
72887,6784342.74100,2926006.39800,461.28400,NG
72888,6784388.30700,2926026.06200,463.19800,NG
72889,6784381.74000,2926032.51200,460.59000,NG
72890,6784376.45400,2926039.11000,460.27600,NG
72891,6784371.30800,2926046.27100,462.22300,NG
72892,6784364.59400,2926053.23100,463.16400,NG
72893,6784380.83800,2926066.00100,463.36600,WDF ST
72894,6784399.19400,2926080.11100,463.07600,WDF
72895,6784401.28700,2926077.32300,462.76100,NG
72896,6784408.60800,2926068.35700,460.43100,NG
72897,6784415.25500,2926060.95200,459.92300,NG
72898,6784422.08300,2926053.53900,462.28700,NG
72899,6784417.70000,2926055.84300,461.42800,SN / FIRE TRUCK
72900,6784464.55100,2926086.75100,461.13300,NG
72901,6784458.10300,2926093.00800,459.20400,NG
72902,6784453.15700,2926098.65400,458.77100,NG
72903,6784442.07700,2926110.59400,462.10200,NG
72904,6784440.21900,2926112.67300,462.25600,WDF
72905,6784466.56300,2926130.99000,461.24200,PP
72906,6784468.10100,2926131.97800,461.06800,TPED
72907,6784485.50200,2926148.33100,460.77100,WDF
72908,6784487.01100,2926145.77100,459.97400,NG
72909,6784495.04200,2926136.51200,457.41600,NG
72910,6784501.88700,2926128.72500,457.45600,NG
72911,6784508.17400,2926122.64900,459.35700,NG
72912,6784550.81300,2926156.48800,457.93600,NG
72913,6784544.62600,2926164.05800,455.93800,NG
72914,6784539.90400,2926169.13100,455.49800,NG
72915,6784532.40300,2926178.96200,457.12000,NG
72916,6784500.83200,2926160.42700,459.58100,WDF
72917,6784531.44200,2926184.68500,457.79000,WDF
72918,6784549.58300,2926198.97600,457.06600,WDF END
72919,6784550.28600,2926198.38500,456.86600,COL ST
72920,6784551.99000,2926199.80800,456.62700,COL
72921,6784550.87600,2926201.31600,456.88200,COL
72922,6784549.17800,2926200.09300,457.11600,COL X
72923,6784560.20800,2926205.58400,456.23600,NG
72924,6784560.18700,2926205.60800,456.23100,NG
72925,6784566.17500,2926197.50200,455.72900,NG
72926,6784571.44100,2926191.04900,454.41600,NG
72927,6784572.20700,2926190.12300,454.11500,NG
72928,6784572.89000,2926189.15700,454.29200,NG
72929,6784577.75500,2926182.65700,456.26300,NG
72930,6784581.79000,2926192.19100,456.00900,NG
72931,6784578.94400,2926198.73300,455.82400,NG
72932,6784568.48200,2926210.76100,456.20400,SN / PRIVATE ROAD
72933,6784576.59400,2926194.92000,455.38000,HDW ST
72934,6784577.20000,2926195.51600,455.41800,HDW
72935,6784578.68400,2926193.69700,455.49800,HDW
72936,6784578.04600,2926193.19400,455.47700,HDW X
72937,6784577.96800,2926193.06600,455.15500,WGW ST
72938,6784577.74700,2926193.34200,455.16000,WGW
72939,6784576.63600,2926194.61500,455.08800,WGW1 ST
72940,6784576.46500,2926194.91700,455.07400,WGW1
72941,6784571.02400,2926190.46400,453.95400,WGW1
72942,6784571.22600,2926190.20500,453.97200,WGW1 X
72943,6784572.28300,2926188.89900,454.03200,WGW
72944,6784572.51400,2926188.67800,454.04400,WGW X
72945,6784572.97100,2926189.62300,453.97700,GB ST
72946,6784577.64800,2926193.41000,453.77100,GB
72947,6784576.75700,2926194.49300,453.74100,GB
72948,6784574.23200,2926192.38100,454.28400,GB END
72949,6784573.29600,2926191.45300,454.33400,NG
72950,6784576.56000,2926193.57200,453.72300,NG
72951,6784577.19000,2926193.95300,453.54600,"FL98 END / RCP18"""
72952,6784582.09300,2926181.19900,456.92500,EA2 PC ST
72953,6784585.29700,2926189.01000,456.55300,EA2
72954,6784582.71900,2926198.56600,456.19500,EA2 PT
72955,6784568.84900,2926215.16500,456.32900,EA2
72956,6784599.23600,2926194.33700,456.59900,A
72957,6784570.14800,2926228.43500,456.26600,A
72958,6784562.83200,2926221.83600,456.45500,EA2
72959,6784538.48900,2926250.02000,456.20100,EA2 END
72960,6784535.95100,2926249.82000,456.42700,MB / 14099
72961,6784521.58100,2926236.78400,456.78300,NG
72962,6784527.74400,2926228.67700,456.89400,ICV
72963,6784530.22200,2926227.31300,456.65300,WM
72964,6784531.56700,2926228.30300,456.61700,WM
72965,6784538.55800,2926214.16900,456.82400,NG
72966,6784551.48400,2926226.08300,456.30200,NG
72967,6784563.68200,2926235.97200,456.06100,A
72968,6784543.55400,2926259.84900,455.89600,A
72969,6784551.26000,2926264.50800,455.56500,EA4 ST
72970,6784567.19600,2926276.86600,454.50000,NG
72971,6784556.70300,2926261.90600,455.39700,MB / 14098
72972,6784577.39900,2926233.64100,455.96300,EA4
72973,6784586.35300,2926240.96700,454.58000,NG
72974,6784593.36700,2926246.17600,454.51200,NG
72975,6784587.46700,2926250.53600,454.50600,PP
72976,6784600.31000,2926235.87400,455.15500,PP
72977,6784601.18000,2926233.37900,454.87400,GUY / 72975
72978,6784600.15500,2926234.43800,455.11800,GUY / 72975
72979,6784598.36400,2926235.17100,455.00300,TPED
72980,6784599.40900,2926239.83300,455.43000,COL ST
72981,6784600.61800,2926238.25400,455.37600,COL
72982,6784599.01000,2926237.06800,455.39400,COL
72983,6784602.73700,2926233.44400,454.65400,NG
72984,6784607.64500,2926227.96900,453.47800,NG
72985,6784614.77100,2926218.07200,453.81300,NG
72986,6784620.31700,2926211.61800,455.52900,NG
72987,6784623.45300,2926211.71900,455.75900,EA45 ST
72988,6784617.34600,2926207.17400,455.90000,EA45 PC
72989,6784603.91800,2926208.80900,455.84600,EA45
72990,6784592.13000,2926217.29600,455.88600,EA45 PT END - EC4 END
72991,6784595.85500,2926218.27400,454.97700,SNS
72992,6784599.32100,2926218.59900,454.58300,NG
72993,6784601.26300,2926214.31100,454.81100,NG
72994,6784603.51700,2926216.52200,453.94700,NG
72995,6784604.08000,2926214.27400,454.39700,NG
72996,6784603.53700,2926214.67000,454.77800,HDW ST
72997,6784602.87500,2926214.07600,454.80600,HDW
72998,6784601.44500,2926215.70700,454.76600,HDW
72999,6784601.93000,2926216.29800,454.74500,HDW X
73000,6784602.22200,2926216.33600,454.42200,WGW789 END / CIOMPLETELY BARRIED
73001,6784603.53800,2926214.90900,454.45100,WGW788 END / CIOMPLETELY BARRIED
73002,6784603.02800,2926215.56500,453.07900,"FL456 END / RXP18""?"
73003,6784603.47000,2926215.97900,453.91100,NG
73004,6784614.04700,2926212.89100,454.83000,NG
73005,6784599.79000,2926236.81000,486.45900,OHE7 ST
73006,6784599.71300,2926236.46600,480.16100,OHE8 ST
73007,6784599.98300,2926236.26300,476.76000,OHE9 ST
73008,6784571.48100,2926214.24000,476.94400,OHE9
73009,6784571.07400,2926214.00200,480.52600,OHE8
73010,6784570.19900,2926213.54100,486.68600,OHE7
73011,6784466.22900,2926130.55900,494.99600,OHE7
73012,6784707.93000,2926121.04000,476.22500,OHE ST
73013,6784707.83200,2926121.22900,482.14800,OHE1 ST
73014,6784713.35400,2926121.26400,490.39000,OHE2 ST
73015,6784711.19200,2926124.13000,491.56100,OHE3
73016,6784708.10000,2926126.46000,490.87600,OHE4 ST
73017,6784646.97200,2926071.26000,481.44500,OHE
73018,6784647.20300,2926071.46100,485.70400,OHE1
73019,6784650.09800,2926068.76400,496.11700,OHE2
73020,6784647.09300,2926070.67700,497.13300,OHE3
73021,6784645.27600,2926074.21100,496.20100,OHE4
73022,6784645.13600,2926074.36600,495.41600,ARM ST
73023,6784650.44800,2926068.52100,495.38700,ARM END
73024,6784604.95900,2926033.31100,496.28300,ARM ST
73025,6784604.73000,2926033.52000,497.02700,OHE2
73026,6784602.39200,2926036.49300,498.09300,OHE3
73027,6784598.91700,2926037.99700,497.31300,OHE4
73028,6784598.54600,2926038.03700,496.85000,ARM END
73029,6784597.77300,2926238.51800,455.42300,COL X
73030,6784268.35800,2925966.44400,461.86700,WM
73031,6784255.92300,2925960.50700,462.05200,NG
73032,6784252.96300,2925958.53300,462.12700,NG
73033,6784254.88900,2925953.35100,462.57300,NG
73034,6784257.63900,2925950.36600,461.33100,NG
73035,6784258.58900,2925946.98800,461.35200,NG
73036,6784266.97800,2925937.76200,463.91800,NG
73037,6784273.45300,2925932.00900,466.10400,NG
73038,6784294.15500,2925954.81200,464.67800,NG
73039,6784288.49600,2925963.12700,461.21300,NG
73040,6784282.40800,2925970.31000,462.59100,NG
73041,6784274.15600,2925980.01400,461.84500,NG
73042,6784250.71500,2925959.08200,460.63900,BWF ST
73043,6784243.38300,2925953.27900,461.98900,PP
73044,6784255.63000,2925944.90800,461.18400,NG
73045,6784254.21100,2925943.44100,462.37900,NG
73046,6784247.43200,2925952.09100,462.63600,NG
73047,6784248.86400,2925953.83700,461.07500,NG
73048,6784250.73900,2925955.25400,460.93600,NG
73049,6784248.03800,2925953.49600,462.47600,TPED
73050,6784231.06200,2925942.08400,462.05200,BWF
73051,6784230.08200,2925937.96400,462.60300,TELM10
73052,6784228.55000,2925937.46900,462.68700,GUY
73053,6784237.62200,2925947.50500,462.34800,THACK22
73054,6784242.76300,2925941.37400,462.67300,NG
73055,6784255.52400,2925928.05200,464.52900,NG
73056,6784261.57200,2925921.76600,466.18200,NG
73057,6784262.65000,2925920.97100,466.78400,EA1
73058,6784270.75000,2925911.27500,467.41500,PS1
73059,6784268.72600,2925932.12800,465.26600,BG
73060,6784262.89200,2925935.91800,464.13300,BOL / PLASTIC REFLECTOR
73061,6784265.32600,2925937.89300,464.13300,HDW ST
73062,6784264.78300,2925938.50500,464.10400,HDW
73063,6784262.75600,2925936.87300,464.22700,HDW
73064,6784263.13300,2925936.05700,464.22500,HDW X
73065,6784262.59500,2925936.79500,463.91600,WGW ST
73066,6784262.85800,2925937.03600,463.91100,WGW
73067,6784264.48700,2925938.42800,463.81500,WGW1 ST
73068,6784264.74600,2925938.67800,463.81400,WGW1
73069,6784257.98500,2925946.42300,461.70600,WGW1
73070,6784257.72300,2925946.24100,461.73900,WGW1 X
73071,6784257.59600,2925946.14300,461.33500,GB ST - EC ST
73072,6784256.16400,2925944.87500,461.40900,EC END - GB1 ST
73073,6784256.05400,2925944.79900,461.80100,WGW
73074,6784255.79600,2925944.57100,461.81200,WGW X
73075,6784263.53200,2925939.30400,461.61500,GB
73076,6784262.27500,2925939.21600,461.62200,GB / ROCKS BLOCKING PIPE
73077,6784261.62300,2925938.75800,461.67300,GB END - GB1 END
73078,6784262.88600,2925938.90300,461.63900,"FL ST / RCP24"""
73079,6784204.22800,2925920.45500,462.71600,BWF END
73080,6784204.27300,2925919.23000,462.72800,THACK10
73081,6784208.21500,2925921.26100,462.80300,TELM15
73082,6784209.89600,2925924.74700,462.97400,THACK20
73083,6784213.51100,2925926.51300,462.91000,THACK18
73084,6784216.46800,2925929.75500,462.90400,THACK15
73085,6784208.94800,2925911.41800,463.23400,NG
73086,6784218.34900,2925898.52000,465.29000,NG
73087,6784221.56700,2925893.10000,466.08200,NG
73088,6784241.75500,2925904.61600,467.17700,EA1
73089,6784235.66000,2925902.92700,466.59100,EA1
73090,6784225.27000,2925894.91100,466.51500,EA1
73091,6784217.65500,2925888.13500,466.97300,EA1
73092,6784216.41100,2925883.74000,467.71700,EA1
73093,6784229.27200,2925893.84000,467.46200,A
73094,6784225.15000,2925874.67000,468.25500,PS1
73095,6784197.18800,2925871.38800,467.58500,MB / X2
73096,6784206.47900,2925879.36000,467.07300,NG
73097,6784195.33000,2925892.21100,464.69000,NG
73098,6784184.15200,2925904.13900,463.13000,BWF ST
73099,6784274.55300,2925898.96800,467.77500,PSD3
73100,6784284.51100,2925892.07900,468.07700,PSY1
73101,6784284.79900,2925891.50400,468.07600,PSD2
73102,6784293.83400,2925878.78500,468.05100,PSD1
73103,6784294.42500,2925878.22200,468.06300,PSY
73104,6784301.88600,2925869.43700,467.79600,PSD
73105,6784310.21300,2925860.65900,467.44200,PS
73106,6784318.63100,2925851.67700,466.87000,EA
73107,6784318.71900,2925851.70800,466.90100,EA
73108,6784329.09500,2925853.49700,465.38300,NG
73109,6784334.89400,2925857.66000,465.14500,NG
73110,6784333.43600,2925856.44200,465.22100,BOL / PLASTIC REFLECTOR
73111,6784331.56200,2925853.82100,465.27000,EC ST - EC1 ST
73112,6784331.24300,2925853.62200,465.26400,EC2 ST - EC3 ST
73113,6784330.67700,2925854.24500,465.24000,EC3
73114,6784332.78800,2925856.09700,465.27800,EC3
73115,6784333.43900,2925855.43200,465.28300,EC3
73116,6784333.23300,2925855.18200,465.27000,EC1
73117,6784339.39700,2925847.65000,463.31600,EC1
73118,6784339.83300,2925847.18700,463.02200,EC1
73119,6784340.25700,2925847.48600,463.02000,EC1
73120,6784339.65200,2925848.03300,463.35400,EC1 END - EC3 END
73121,6784337.79800,2925845.68300,463.15000,EC2
73122,6784338.06100,2925845.96900,463.18400,EC END -EC2 END
73123,6784338.30600,2925846.01600,462.63900,EC ST - GB ST
73124,6784339.78600,2925847.11600,462.67500,GB1 ST - EC END
73125,6784340.18700,2925847.00700,462.77600,GB8 ST
73126,6784339.59400,2925846.42500,463.22800,GB8
73127,6784337.73900,2925845.72900,463.54600,GB8
73128,6784335.75800,2925847.87300,463.63200,GB8 END
73129,6784333.20000,2925854.98900,462.87900,GB1
73130,6784331.62600,2925853.66100,462.85100,GB1 END - GB END
73131,6784332.55900,2925854.43400,462.85000,"FL END / RCP24"""
73132,6784344.33900,2925846.10600,463.43400,NG
73133,6784339.12100,2925842.06400,463.58500,NG
73134,6784336.91000,2925844.79200,463.58700,NG
73135,6784340.96700,2925848.12400,462.73400,NG
73136,6784353.24600,2925831.50900,468.57700,NG
73137,6784380.21500,2925855.78100,466.52900,PP
73138,6784401.13900,2925873.26100,468.30100,PP
73139,6784389.36300,2925879.82200,463.60300,NG
73140,6784382.03700,2925886.81100,463.49400,NG
73141,6784375.45300,2925894.78500,465.10500,NG
73142,6784386.55800,2925863.33400,467.34300,UCM
73143,6784302.15000,2925835.05400,466.87200,MB / 16724
73144,6784310.18800,2925799.39200,467.74800,NG
73145,6784303.28500,2925809.38100,465.70200,NG
73146,6784293.38200,2925822.19600,465.95900,NG
73147,6784306.68600,2925824.88900,464.72800,NG
73148,6784307.78900,2925823.26900,463.74900,NG
73149,6784309.12100,2925822.19900,464.36600,NG
73150,6784304.32800,2925813.75000,464.34600,NG
73151,6784301.41900,2925816.36600,464.66700,NG
73152,6784295.51300,2925811.23100,463.80400,NG
73153,6784296.55100,2925809.27300,463.71900,NG
73154,6784291.91400,2925805.65900,463.44400,NG
73155,6784291.21000,2925806.08700,463.92600,NG
73156,6784288.52100,2925804.03100,464.43600,NG
73157,6784288.66000,2925803.28900,464.26500,NG
73158,6784287.63000,2925803.11900,464.38400,NG
73159,6784286.34700,2925802.33100,465.05300,NG
73160,6784288.71100,2925802.76600,465.30100,NG
73161,6784287.41100,2925804.72600,465.21300,NG
73162,6784293.69200,2925811.30200,465.32500,NG
73163,6784299.56600,2925816.84900,465.22800,NG
73164,6784301.31300,2925810.07200,465.37200,NG
73165,6784294.76200,2925805.58100,465.49500,NG
73166,6784281.28900,2925799.07900,465.55400,NG
73167,6784272.00800,2925809.91400,466.97700,NG
73168,6784293.99600,2925784.91200,468.20100,NG
73169,6784332.11800,2925818.82500,467.94000,TPED
73170,6784334.04600,2925820.31300,467.94100,PP
73171,6784279.76800,2925775.06500,468.86100,NG
73172,6784268.78000,2925765.79400,469.76300,NG
73173,6784265.65700,2925763.35000,470.07600,EC ST
73174,6784253.06200,2925779.46500,468.94100,EC PC
73175,6784250.46800,2925789.95700,468.35500,EC
73176,6784256.26600,2925799.70400,467.85100,EC PT
73177,6784255.57600,2925800.62100,467.93300,EC END - EA
73178,6784257.56800,2925789.13600,467.27400,NG
73179,6784266.65500,2925791.52500,465.78000,NG
73180,6784261.83900,2925798.31600,466.90000,NG
73181,6784269.93600,2925787.28900,466.07400,NG
73182,6784269.03500,2925788.08900,465.85700,GB ST
73183,6784273.29200,2925789.38100,465.94800,GB
73184,6784278.27600,2925795.57000,465.36900,GB
73185,6784277.97300,2925796.91200,465.67100,GB
73186,6784274.35000,2925796.29400,465.79700,GB
73187,6784270.66000,2925794.59400,465.61100,GB
73188,6784267.17600,2925790.12000,465.76200,GB END
73189,6784267.63600,2925790.04000,465.37600,NG
73190,6784268.86000,2925788.51100,465.36800,NG
73191,6784271.44500,2925790.14000,464.55100,NG
73192,6784271.79800,2925791.96900,464.27600,NG
73193,6784270.70400,2925793.14800,464.83400,NG
73194,6784273.43200,2925795.01400,465.24400,NG
73195,6784275.13700,2925793.64500,464.58400,NG
73196,6784276.72000,2925795.75900,465.13300,NG
73197,6784262.50200,2925784.82300,465.36900,"FL ST / RCP18"""
73198,6784262.16000,2925785.31200,465.34900,GB ST - GB1 ST
73199,6784262.95600,2925784.20600,465.40100,GB
73200,6784268.46200,2925788.50000,465.47500,GB END - EC ST
73201,6784267.65700,2925789.51700,465.42600,GB1 END - EC END
73202,6784267.53700,2925789.63000,465.92200,WGW ST
73203,6784267.26500,2925789.88700,465.91900,WGW
73204,6784261.90800,2925785.58500,467.07100,WGW
73205,6784262.05400,2925785.34300,467.03100,WGW X
73206,6784263.09500,2925783.85800,467.14800,WGW ST
73207,6784262.99000,2925784.15300,467.13900,WGW
73208,6784268.49300,2925788.40900,465.98500,WGW
73209,6784268.71600,2925788.18300,465.96800,WGW X
73211,6784262.68700,2925783.57300,467.43800,HDW ST / BROKEN
73212,6784261.18300,2925785.10800,467.37100,HDW END / BROKEN
73213,6784226.88400,2925777.76800,468.41500,EA
73214,6784236.82400,2925764.17600,469.24700,C
73215,6784250.45300,2925748.85300,470.23100,C
73216,6784229.62700,2925736.56200,470.03800,EC ST
73217,6784218.23000,2925751.09300,469.32300,EC PC
73218,6784211.06900,2925755.59600,469.06900,EC
73219,6784197.22900,2925752.79700,468.87400,EC
73220,6784197.04200,2925753.43700,468.92900,EC END - EA
73221,6784194.76500,2925752.23800,469.04100,EA
73222,6784195.32900,2925749.73100,468.73300,NG
73223,6784201.74000,2925742.48900,466.94000,NG
73224,6784205.75300,2925737.33900,466.70400,NG
73225,6784213.86800,2925724.30900,470.69600,NG
73226,6784224.51600,2925732.64400,470.08600,NG
73227,6784217.20100,2925740.75800,468.56300,NG
73228,6784206.84900,2925750.19000,468.75400,NG
73229,6784218.20500,2925728.14400,470.27300,PP
73230,6784199.25800,2925710.73600,470.95400,NG
73231,6784193.17300,2925717.12300,468.96400,NG
73232,6784188.74000,2925722.51700,467.26000,NG
73233,6784182.58900,2925729.52800,467.35400,NG
73234,6784177.16900,2925735.61000,469.03900,NG
73235,6784173.30400,2925730.07600,468.56700,NG
73236,6784177.13000,2925724.71000,467.38100,NG
73237,6784180.89900,2925718.62800,467.17400,NG
73238,6784181.50900,2925719.30600,467.66200,NG
73239,6784183.11800,2925720.17200,466.30500,NG
73240,6784180.74700,2925721.57800,466.81000,NG
73241,6784180.71500,2925723.00300,466.95200,NG
73242,6784181.66100,2925725.27800,466.40400,NG
73243,6784181.65500,2925726.47400,466.95500,NG
73244,6784184.17900,2925726.72700,466.96100,NG
73245,6784183.85300,2925725.98200,466.44000,NG
73246,6784184.94700,2925724.57500,466.68900,NG
73247,6784186.01300,2925724.23100,467.17700,NG
73248,6784186.14500,2925721.24200,467.35300,NG
73249,6784185.41500,2925721.28400,466.20800,NG
73250,6784205.71400,2925738.47100,466.48400,EC ST - GB ST
73251,6784204.86900,2925739.35300,466.45500,EC END - GB1 ST
73252,6784210.19900,2925743.84800,466.27100,GB1
73253,6784211.06100,2925742.71600,466.28400,GB1 END - GB END
73254,6784210.67900,2925743.27900,466.26300,"FL END / RCP18"""
73255,6784211.41500,2925742.34100,468.07400,WGW ST
73256,6784211.18000,2925742.66200,468.05800,WGW
73257,6784210.24600,2925743.89800,468.00700,WGW1 ST
73258,6784210.07500,2925744.14100,467.98700,WGW1
73259,6784204.70800,2925739.87400,466.96800,WGW1
73260,6784204.95100,2925739.52200,466.94100,WGW1 X
73261,6784205.80200,2925738.25600,467.00600,WGW
73262,6784206.09800,2925738.04100,467.01600,WGW X
73263,6784211.51100,2925742.53300,468.38200,HDW ST
73264,6784212.23100,2925743.05300,468.32400,HDW
73265,6784210.80600,2925744.79800,468.28100,HDW
73266,6784210.14100,2925744.21600,468.32500,HDW X
73267,6784187.98000,2925714.13500,468.99600,HDW ST
73268,6784188.43700,2925713.59400,468.99700,HDW
73269,6784190.01200,2925714.78800,468.89700,HDW
73270,6784189.70400,2925715.58100,468.90500,HDW X
73271,6784189.54200,2925715.73400,468.58200,WGW ST
73272,6784189.44200,2925715.56300,468.59800,WGW
73273,6784187.99300,2925714.51800,468.64300,WGW1 ST
73274,6784187.85700,2925714.32200,468.66100,WGW1
73275,6784183.54500,2925719.67400,467.43300,WGW1
73276,6784183.73800,2925719.77500,467.43800,WGW1 X
73277,6784185.13900,2925720.85000,467.38300,WGW
73278,6784185.36200,2925720.97300,467.38000,WGW X
73279,6784185.07000,2925720.86000,466.85100,GB ST - EC ST
73280,6784183.87700,2925719.91200,466.91100,GB1 ST - EC ST
73281,6784188.13100,2925714.64200,466.90700,GB1
73282,6784189.26800,2925715.37000,466.84900,GB1 END - GB END
73283,6784188.61500,2925714.90300,466.85800,"FL321 END / RCP18"""
73284,6784192.79800,2925700.27500,472.51400,WM
73285,6784157.35000,2925677.29400,471.93200,NG
73286,6784150.01200,2925686.78800,468.19600,NG
73287,6784144.30600,2925694.26500,467.39200,NG
73288,6784137.68200,2925703.25100,469.34600,NG
73289,6784135.96300,2925704.87900,469.75200,EA
73290,6784094.06000,2925670.90500,469.90900,EA
73291,6784094.74600,2925670.11000,469.70500,NG
73292,6784099.91800,2925664.03500,468.18300,NG
73293,6784108.09500,2925654.20300,468.91500,NG
73294,6784117.49900,2925642.54000,472.91600,NG
73295,6784103.36600,2925636.35900,472.69600,PP
73296,6784084.64100,2925613.25000,474.37000,SN / WATER
73297,6784070.84500,2925606.99800,473.85800,NG
73298,6784064.90300,2925614.51400,469.75800,NG
73299,6784059.93300,2925620.94900,467.79600,NG
73300,6784053.93200,2925627.80100,468.52900,NG
73301,6784049.03200,2925632.68500,469.67500,NG
73302,6784048.19400,2925633.82300,470.11700,EA
73303,6784034.87400,2925622.79800,470.02800,EA
73304,6783999.57600,2925591.13200,469.66400,EA
73305,6784001.32700,2925588.99600,468.83300,NG
73306,6784006.66000,2925581.52000,467.73800,NG
73307,6784018.62300,2925568.19800,472.90400,NG
73308,6783992.95800,2925546.97800,472.35900,GUY
73309,6783982.86100,2925538.24400,472.37500,PP
73310,6783979.42700,2925536.46100,471.52500,TPED
73311,6783986.21400,2925538.69600,472.50900,NG
73312,6783978.42400,2925547.30500,468.69400,NG
73313,6783973.22500,2925553.34000,467.02900,NG
73314,6783968.59100,2925558.05600,468.30700,NG
73315,6783965.74500,2925560.65400,469.22800,EA PC
73316,6783964.94000,2925551.59200,468.33000,"SN / CO RD 192,12621"
73317,6783956.14900,2925550.72200,469.03300,EA
73318,6783952.53900,2925547.71700,469.09900,EA PT
73319,6783923.90400,2925524.31500,468.58900,EA
73320,6783923.84200,2925524.28900,468.61400,NG
73321,6783929.44500,2925518.90300,467.44500,NG
73322,6783942.16200,2925504.44400,471.46000,NG
73323,6783928.98400,2925491.09600,471.29800,TPOST
73324,6783912.47600,2925476.30100,471.25400,NG
73325,6783908.31600,2925481.01100,470.32100,NG
73326,6783906.81300,2925483.23300,469.54400,NG
73327,6783898.73900,2925492.53400,467.22000,NG
73328,6783893.27100,2925498.30500,468.15000,EA END
73329,6783887.59200,2925508.00600,469.24700,PS7 ST
73330,6783895.60400,2925517.76300,469.45400,PS7 PC
73331,6783915.88300,2925541.20000,469.84400,PS7
73332,6783932.97300,2925557.26300,470.05400,PS7 PT
73333,6783982.32400,2925596.80100,470.41200,PS7
73334,6784032.36600,2925637.21400,470.59200,PS7
73335,6784085.80900,2925680.31500,470.48000,PS7
73336,6784139.69800,2925723.70100,470.11100,PS7
73337,6784189.55400,2925763.67800,469.50200,PS7
73338,6784243.14100,2925806.66900,468.65600,PS7
73339,6784283.07200,2925838.78900,467.94000,PS7 END - PS END
73340,6784247.34200,2925825.52900,468.77900,PSD
73341,6784242.24600,2925836.21700,469.02000,PSY
73342,6784241.93200,2925836.69600,469.02100,PSD1
73343,6784230.78000,2925848.13700,469.02800,PSD2
73344,6784230.22200,2925848.45000,469.04500,PSY1
73345,6784222.50800,2925856.85500,468.73300,PSD3
73346,6784159.62900,2925838.14100,468.62100,EA1
73347,6784166.66300,2925827.65800,469.24400,PS1
73348,6784174.66900,2925818.85600,469.48500,PSD3
73349,6784181.70900,2925809.80400,469.82700,PSY1
73350,6784182.24500,2925809.11800,469.84300,PSD2
73351,6784192.43700,2925797.06000,469.82700,PSD1
73352,6784192.95000,2925796.56400,469.81700,PSY
73353,6784200.00000,2925787.74300,469.55900,PSD
73354,6784139.45100,2925765.32000,470.55800,PS9 ST
73355,6784137.65600,2925764.28200,470.55100,PS9 PC
73356,6784139.09300,2925762.86200,470.56400,PS9
73357,6784141.20000,2925763.41200,470.54000,PS9 PT
73358,6784142.64200,2925764.55800,470.52400,PS9
73359,6784143.30500,2925763.75600,470.50900,PS9
73360,6784141.30300,2925761.88100,470.55400,PS9 PC
73361,6784138.08800,2925761.56200,470.58300,PS9
73362,6784136.00000,2925763.05100,470.60400,PS9 PT
73363,6784134.70300,2925761.16500,470.62800,PS9
73364,6784134.99600,2925765.02000,470.57000,PS9 X
73365,6784117.30200,2925742.13300,470.77100,PS9 ST
73366,6784112.52200,2925742.22700,470.84400,PS9
73367,6784114.38900,2925743.41000,470.81400,PS9 PC
73368,6784112.95000,2925744.42200,470.83000,PS9
73369,6784110.90800,2925744.03300,470.84300,PS9 PT
73370,6784109.36100,2925742.95500,470.85800,PS9
73371,6784108.69100,2925743.77500,470.84400,PS9
73372,6784110.80900,2925745.45500,470.80100,PS9 PC
73373,6784113.39900,2925746.08100,470.80100,PS9
73374,6784115.93100,2925744.33200,470.78900,PS9 PT
73375,6784117.39700,2925746.27900,470.79700,PS9 X
73376,6784157.62700,2925753.47000,470.13400,PSD
73377,6784150.90300,2925762.40700,470.37900,PSY
73378,6784150.50900,2925762.74300,470.43100,PSD1
73379,6784139.77700,2925774.95900,470.39500,PSD2
73380,6784139.54500,2925775.37400,470.39900,PSY1
73381,6784132.74900,2925783.59500,470.24500,PSD3
73382,6784124.03000,2925793.67000,469.81700,PS1
73383,6784116.15400,2925803.11400,469.19500,EA1
73384,6784111.12500,2925783.43800,469.97600,PS1 PC
73385,6784062.89500,2925759.93000,469.81400,EA1
73386,6784070.76000,2925751.86200,470.30000,PS1
73387,6784079.16500,2925741.88500,470.55600,PSD3
73388,6784087.00600,2925733.25000,470.88700,PSY1
73389,6784087.44200,2925732.49900,470.89400,PSD2
73390,6784098.13700,2925721.21500,470.92600,PSD1
73391,6784098.60800,2925720.64200,470.91900,PSY
73392,6784107.26000,2925712.79800,470.63800,PSD
73393,6784058.94800,2925674.42900,470.85600,PSD
73394,6784051.09300,2925682.15900,471.15900,PSY
73395,6784050.61700,2925682.67800,471.19900,PSD1
73396,6784041.08100,2925695.07800,471.14400,PSD2
73397,6784040.38200,2925695.73400,471.13900,PSY1
73398,6784033.36800,2925704.75700,470.82200,PSD3
73399,6784023.61700,2925716.52000,470.46400,PS1
73400,6784017.58800,2925723.72100,469.98800,EA1
73401,6783975.85200,2925689.92500,470.03500,EA1
73402,6783980.51200,2925684.81500,470.37000,PS1
73403,6783991.83500,2925672.25900,470.85100,PSD3
73404,6783999.85400,2925663.17100,471.10800,PSY1
73405,6784000.22400,2925662.61100,471.11700,PSD2
73406,6784010.91800,2925650.94400,471.17700,PSD1
73407,6784011.38700,2925650.40700,471.16700,PSY
73408,6784018.34500,2925642.37000,470.87300,PSD
73409,6783967.69100,2925602.96700,471.03600,PSD
73410,6783960.56600,2925609.56400,470.97800,PSY
73411,6783960.23400,2925610.13400,470.99200,PSD1
73412,6783950.80000,2925619.71400,471.26100,PSD2
73413,6783948.68600,2925621.98800,470.91100,PSY1
73414,6783941.58200,2925629.95200,470.68900,PSD3
73415,6783928.13300,2925646.69300,470.00700,PS1
73416,6783961.87800,2925678.90500,469.99800,EA1
73417,6783954.09300,2925671.51100,469.97500,EA1 PC
73418,6783938.35600,2925670.83900,468.45900,EA1
73419,6783925.88400,2925678.99300,466.80300,EA1 PT
73420,6783919.64100,2925684.45600,466.17000,EA1 END
73421,6783907.34500,2925674.78500,466.16800,EA1 ST
73422,6783913.27600,2925679.72100,466.13300,A
73423,6783931.25000,2925659.97300,468.94700,A
73424,6783916.93900,2925657.49800,467.80000,EA1
73425,6783917.68800,2925656.29700,468.07600,EA1
73426,6783918.90800,2925644.80900,469.64700,EA1
73427,6783898.18100,2925626.04600,469.84500,EA1
73428,6783891.04600,2925618.94100,469.71400,PS1
73429,6783862.50900,2925599.29500,469.20500,EA1 PC
73430,6783847.15200,2925590.89800,468.88500,EA1
73431,6783826.56100,2925590.47700,467.95400,EA1
73432,6783810.04800,2925596.76500,467.20800,EA1
73433,6783799.04600,2925608.04000,466.26700,EA1 PT END
73434,6783801.90200,2925611.03800,465.56100,NG
73435,6783821.37500,2925596.11800,466.76100,NG
73436,6783812.51500,2925599.09000,466.70400,SNS
73437,6783854.47400,2925591.36400,469.25200,PS PT END
73438,6783938.55300,2925578.28400,470.66900,PSD
73439,6783932.60900,2925584.65500,470.92200,PSY
73440,6783931.43400,2925586.16000,470.78900,PSD1
73441,6783921.34200,2925598.14500,470.72500,PSD2
73442,6783920.87400,2925598.72900,470.69300,PSY1
73443,6783913.99600,2925608.59700,470.41000,PSD3
73444,6783845.17200,2925553.56000,469.70900,PSD3 END
73445,6783853.08800,2925545.27400,470.05700,PSY1 END
73446,6783853.54800,2925545.00800,470.07200,PSD2 END
73447,6783864.81400,2925533.53500,470.15600,PSD1 END
73448,6783865.16000,2925532.84000,470.17300,PSY END
73449,6783873.35200,2925529.32900,470.21100,PSD END
73450,6783857.98300,2925600.01700,468.45900,NG
73451,6783852.70400,2925607.03900,466.61200,NG
73452,6783838.91100,2925629.38000,465.40700,NG
73453,6783867.36900,2925652.58700,466.10000,NG
73454,6783886.39100,2925644.73000,466.58400,NG
73455,6783896.61500,2925630.36200,468.88300,NG
73456,6783918.26500,2925649.71100,468.84000,NG
73457,6783904.66300,2925672.97100,466.09600,NG
73458,6783929.19700,2925694.24100,466.35200,NG
73459,6783943.17000,2925675.90800,468.35100,NG
73460,6783981.57400,2925703.16600,468.95900,NG
73461,6783974.40300,2925714.47100,467.37100,NG
73462,6783965.56900,2925723.58900,467.03300,NG
73463,6783950.30200,2925714.52000,466.78000,TPED
73464,6784005.89900,2925760.84600,467.15900,BWF1 ST
73465,6784015.25800,2925753.91200,467.04500,NG
73466,6784028.18700,2925739.41200,468.91700,NG
73467,6784063.17600,2925769.24300,468.31000,NG
73468,6784052.47100,2925781.33700,466.39100,NG
73469,6784041.64300,2925789.87700,466.06900,BWF1
73470,6784037.63800,2925785.93100,466.06900,TELM10
73471,6784094.47300,2925793.97100,468.15200,NG
73472,6784087.14800,2925803.03300,466.48400,NG
73473,6784073.34300,2925814.65100,465.66400,BWF1
73474,6784101.35300,2925836.03600,464.83100,THACK06
73475,6784106.12500,2925841.69800,464.44000,BWF1
73476,6784161.98800,2925847.91300,467.16200,NG
73477,6784150.74600,2925861.66500,464.44400,NG
73478,6784145.36400,2925872.72500,464.09200,BWF1 END - BWF END
73479,6784148.31600,2925874.42800,464.00300,TCDR14
73480,6784466.07400,2926130.49300,489.09700,OHE8
73481,6784466.08600,2926130.51900,484.52000,OHE9
73482,6784244.22800,2925953.23700,489.26100,OHE9
73483,6784244.27100,2925953.26100,493.09400,OHE8
73484,6784243.81400,2925953.40400,500.34200,OHE7
73485,6784296.66200,2925876.43000,496.43000,OHE7
73486,6784296.73300,2925875.97500,491.08400,OHE8
73487,6784296.81100,2925875.61900,487.08200,OHE9
73488,6784244.11000,2925953.00600,489.07800,OHE10 ST
73489,6784300.58800,2925869.70700,485.82700,OHE10
73490,6784333.94700,2925820.99200,491.92400,OHE10 END
73491,6784334.04200,2925821.50200,490.85000,OHE9 END
73492,6784334.08000,2925821.92800,494.61300,OHE8 END
73493,6784334.35700,2925821.83600,500.18600,OHE7 END
73494,6784412.93700,2925883.56400,489.24900,OHE
73495,6784412.77900,2925883.89400,494.71500,OHE1
73496,6784415.86900,2925881.66300,505.06900,OHE2
73497,6784412.69800,2925883.65300,505.91100,OHE3
73498,6784410.92100,2925887.14600,504.69800,OHE4
73499,6784410.90300,2925887.29800,504.19400,ARM ST
73500,6784416.14600,2925881.39300,504.30200,ARM END
73501,6784398.20300,2925876.99000,506.15300,ARM ST
73502,6784398.30700,2925876.94000,506.55900,OHE4
73503,6784400.15700,2925873.90500,507.46100,OHE3
73504,6784403.37600,2925871.69700,506.75600,OHE2
73505,6784403.65500,2925871.42300,506.21800,ARM END
73506,6784400.47600,2925874.11400,496.46400,OHE1
73507,6784400.63000,2925873.87900,488.82400,OHE
73508,6784379.84700,2925856.98200,488.79800,OHE
73509,6784379.80300,2925857.17000,495.15400,OHE1
73510,6784380.36900,2925857.62000,505.49800,OHE3
73511,6784377.37600,2925859.73200,504.52700,OHE4
73512,6784377.18700,2925859.73600,504.01700,ARM ST
73513,6784381.98600,2925854.11300,504.94100,OHE2
73514,6784382.37100,2925853.80000,504.41100,ARM END
73515,6784332.10100,2925823.43700,504.81200,OHE4
73516,6784335.15400,2925821.55100,505.64100,OHE3
73517,6784337.79200,2925818.69000,504.64500,OHE2
73518,6784337.86500,2925818.39800,504.19300,ARM ST
73519,6784331.81400,2925823.42100,504.34300,ARM END
73520,6784335.32200,2925820.71900,494.32200,OHE1
73521,6784334.92100,2925820.64000,490.74300,OHE
73522,6784219.86600,2925728.30400,493.77200,OHE
73523,6784220.36700,2925728.25400,501.01200,OHE1
73524,6784223.40400,2925726.93300,509.21700,OHE2
73525,6784223.44800,2925726.62800,508.68900,ARM ST
73526,6784220.09800,2925728.90700,510.22600,OHE3
73527,6784218.39200,2925732.26800,509.35200,OHE4
73528,6784218.00300,2925732.35800,508.84500,ARM END
73529,6784101.81200,2925640.14400,510.58700,ARM ST
73530,6784102.10900,2925640.03000,511.07100,OHE4 END
73531,6784103.96100,2925636.97100,511.87200,OHE3 END
73532,6784107.25800,2925634.82500,510.94300,OHE2 END
73533,6784107.29800,2925634.54100,510.42400,ARM END
73534,6784104.45800,2925636.45400,506.01800,OHE1 END
73535,6784104.27400,2925636.50600,495.28800,OHE END
